지출목적별,2011,2012,2013,2014,2015,2016,2017,2018,2019,2020
0 총지수,94.717,96.789,98.048,99.298,100,100.97,102.93,104.45,104.85,105.42
01 식료품 · 비주류음료,93.55,97.256,98.09,98.377,100,102.31,105.78,108.72,108.77,113.58
01.1 식료품,93.745,97.441,98.164,98.39,100,102.47,106.22,109.3,109.24,114.35
빵 및 곡물,91.252,95.558,99.84,100.547,100,98.08,98.27,107.23,113.18,113.81
쌀,90.052,98.742,104.157,102.321,100,89.68,84.82,107.79,116.83,117.77
현미,-,-,-,-,100,96,89.86,103.25,120.39,115.76
찹쌀,108.693,97.12,104.217,99.737,100,95.67,89.34,103.94,120.66,115.3
보리쌀,65.053,78.826,95.264,103.562,100,100.88,102.77,106.35,104.59,95.69
콩,125.332,116.332,120.304,105.726,100,91.71,117.71,136.34,149.25,130.54
땅콩,81.066,108.366,105.965,98.204,100,100.57,99.12,99.1,106.11,112.61
혼식곡,109.805,105.375,122.535,111.785,100,93.06,89,95.56,103.23,102.35
밀가루,88.91,89.6,98.42,100.896,100,98.92,97.79,98.83,100.5,99.43
국수,100.333,102.897,104.151,103.366,100,98.93,95.68,94.99,93.31,95.8
라면,92.533,99.411,99.921,100.002,100,99.37,104.77,105.11,104.99,104.78
당면,95.931,98.732,99.234,99.909,100,100.33,100.5,102.31,104.47,104.94
두부,92.197,93.601,99.603,100.144,100,101.62,99.16,99.08,100.88,103.12
시리얼,102.462,104.647,99.274,95.737,100,99.37,94.73,92.72,93.85,94.17
부침가루,95.084,100.125,98.545,99.748,100,96.81,99.27,97.96,97.71,99.31
케이크,90.351,92.378,92.647,98.113,100,104.33,111.2,114.55,117.81,119.86
빵,83.587,86.963,93.256,98.896,100,103.78,105.8,112.53,118.04,120.37
떡,93.449,95.804,97.818,99.32,100,100.41,100.98,104.33,112.3,114.31
파스타면,-,-,-,-,100,95.59,95.4,95.81,96.42,103.03
육류,95.57,89.644,87.956,95.927,100,104.43,106.39,105.97,105.63,112.95
소고기,86.71,86.133,87.223,96.545,100,102.2,104.82,106.5,110.28,112.18
돼지고기,102.993,89.019,83.222,96.468,100,100.65,106.87,102.99,98.97,109.59
닭고기,103.528,100.39,105.548,102.167,100,96.67,101.46,99.15,100.49,96.39
소시지,89.992,91.458,87.29,93.46,100,100.23,98.2,97.22,96.81,101.65
햄및베이컨,92.835,94.668,93.578,98.305,100,95.85,92.37,93.8,92.28,96.46
어류 및 수산,93.671,96.196,97.484,99.204,100,102.61,108.17,111.92,113.22,119.86
갈치,83.396,95.52,95.496,94.475,100,109.16,106.66,95.28,93.17,99.71
명태,106.135,91.045,90.239,94.754,100,103.02,106,106.34,108.73,120.46
조기,91.661,95.964,99.932,100.717,100,100.03,97.95,97.36,95.35,95.21
고등어,108.753,97.351,95.298,99.877,100,96.54,96.39,97.46,94.3,106.35
오징어,109.583,104.744,98.453,98.963,100,103.65,155.34,187.77,190.65,212.87
게,97.078,97.265,97.737,97.114,100,127.09,126.76,134.55,138.62,144.9
굴,90.052,92.706,89.154,95.132,100,106.97,107.13,104.24,106.16,113.73
조개,77.439,89.772,98.378,99.458,100,106.64,112.11,114.31,115.14,122.57
전복,103.766,115.658,107.772,105.464,100,92.72,90.23,84.05,79.48,78.9
마른멸치,92.936,91.916,99.637,103.215,100,97.95,102.35,103.3,106.78,109.44
마른오징어,99.214,105.262,104.293,100.965,100,100.82,137.16,178.65,204.94,212.27
낙지,-,-,-,-,100,98.46,101.73,132.5,130.9,129.27
오징어채,98.747,102.145,99.151,101.08,100,104.39,118.53,140.42,143.05,142.66
북어채,96.666,94.252,94.506,99.291,100,101.4,104.53,104.45,110.54,114.88
어묵,84.448,93.022,98.559,99.474,100,98.86,97.05,105.33,114.94,118.37
맛살,97.7,100.042,100.997,100.96,100,101.64,101.74,101.95,105.78,106.68
생선통조림,86.91,94.346,99.89,100.664,100,99.02,102.1,106.56,107.13,110.24
젓갈,89.881,94.82,94.522,97.29,100,112.75,117.38,122.59,129.27,133.59
우유 · 치즈 및 계란,86.587,90.523,93.806,99.949,100,97.9,106.18,99.71,102.07,104.57
우유,82.684,89.684,93.055,99.982,100,99.54,98.83,100.39,105.03,105.52
분유,82.883,89.577,89.885,96.285,100,93.91,90.53,86.65,86.44,88.43
치즈,102.149,101.947,99.887,99.219,100,99.68,100.76,101.09,100.55,100.9
발효유,87.671,92.618,94.98,98.752,100,101.77,101.03,104.13,105.31,107.35
계란,94.007,88.703,94.94,102.69,100,91.47,131.4,94.49,94.75,102.91
식용유지,95.633,96.06,98.546,101.026,100,100.31,97.45,96.93,98.07,101.85
참기름,95.257,95.102,97.558,100.476,100,101.99,99.49,102.7,107.51,117.94
식용유,95.892,96.874,99.388,101.49,100,98.88,95.7,92.2,90.4,88.84
과일,107.076,117.894,113.369,105.011,100,98.7,112.21,114.99,110.5,114.5
사과,99.895,110.534,112.291,100.422,100,86.57,92.2,97.49,96.14,103.56
배,110.137,123.078,144.411,107.398,100,107.01,99.44,97.86,125.33,122.88
복숭아,122.422,121.197,125.727,117.931,100,100.92,102.27,101.52,100.9,101.12
포도,133.255,140.804,141.285,115.057,100,99.27,113.75,120.12,116.83,126.32
밤,91.038,126.521,132.373,98.712,100,118.28,121.01,108.46,105.54,124.42
감,120.412,134.835,118.025,116.985,100,97.88,115.07,131.61,130.25,136.18
귤,106.469,136.033,108,112.867,100,107.89,192.25,160.81,146.82,138.32
오렌지,99.298,96.453,85.846,100.666,100,92.72,102.38,97.92,82.54,94.47
참외,141.562,133.841,107.633,96.131,100,92.49,93.5,105.04,95.88,100.18
수박,130.88,136.799,138.688,112.952,100,105.66,120.71,135.98,124.08,114.47
딸기,98.099,111.744,87.759,91.463,100,91.58,90.73,101.32,81.69,92.29
바나나,76.018,76.659,95.13,97.016,100,112.52,108.79,106.59,108.03,112.23
키위,96.648,102.503,97.529,105.282,100,90.29,92.91,92.19,94.03,97.48
블루베리,-,-,-,-,100,96.56,96.91,96.57,91,97.38
아몬드,-,-,-,-,100,97.95,92.74,92.02,89.5,87.52
과일가공품,81.558,99.653,100.568,101.118,100,103.52,104.48,104.44,106.53,108.6
채소 및 해조,101.706,106.446,107.783,92.154,100,115.91,116.17,121.69,111.71,127.45
배추,132.778,131.869,157.685,88.453,100,169.62,138.53,141.15,124.55,176.45
상추,88.416,106.35,101.972,87.117,100,117.19,119.57,131.89,126.26,137.36
시금치,92.144,107.278,109.724,82.887,100,128.43,118.84,141.16,125.07,139.47
양배추,124.534,136.197,135.232,76.513,100,133.46,158.51,162.7,132.82,205.66
미나리,87.316,97.74,90.246,91.886,100,114.59,116.11,129.92,124.72,133.89
깻잎,92.031,98.949,95.814,99.745,100,111.23,109.42,123.76,115.8,133.54
부추,111.912,108.502,92.6,86.881,100,114.15,102.52,108.92,107.46,132.15
무,138.534,119.738,115.059,85.256,100,148.44,155.65,181.73,136.16,169.36
열무,162.011,124.025,110.548,94.575,100,125.64,114.04,117.9,129.49,149.27
당근,137.001,115.034,174.252,115.573,100,122.64,149.08,146.61,135.79,166.35
감자,105.538,107.494,86.257,84.747,100,97.07,122.26,148.37,112.57,116.14
고구마,103.654,115.396,93.186,90.494,100,96,102.4,127.89,116.4,134.68
도라지,95.462,98.671,102.966,104.007,100,99.47,100.52,102.6,107.6,111
콩나물,90.265,92.758,98.455,99.674,100,100.51,108.65,110,110.46,110.51
버섯,94.168,97.332,97.678,101.777,100,96.93,94.8,93.16,91.79,87.82
오이,87.306,98.027,99.926,92.9,100,107.09,104.73,112.15,115.94,119.26
풋고추,89.727,106.386,98.058,104.125,100,107.81,107.03,106.76,105.1,121.75
호박,112.061,110.891,103.6,99.532,100,110.4,105.23,120.83,102.93,128.82
가지,115.112,113.943,105.634,98.361,100,106.52,110.62,116.74,110.72,122.59
토마토,116.958,124.69,116.386,105.1,100,112.64,117.86,119.45,118.34,140.11
파,98.423,107.254,103.329,71.156,100,120.26,113.59,114.66,95.21,115.39
양파,81.761,87.412,126.546,74.66,100,107.05,115.34,92.93,79.01,114.93
마늘,110.084,101.292,93.978,81.134,100,132.15,123.72,118.72,102,99.74
브로콜리,104.794,134.637,118.63,110.262,100,128.41,116.25,130.06,132.2,143.84
고사리,89.454,94.064,95.924,100.178,100,97.62,97.73,98.99,99.13,101.45
파프리카,-,-,-,-,100,110.37,104.6,120.1,105.05,120.29
단무지,92.346,94.35,97.405,101.806,100,93.79,92.54,95.76,99.08,99.19
김,82.582,87.146,93.247,98.955,100,107.61,129,139.28,141.82,145.5
맛김,88.275,95.057,96.851,98.007,100,102.94,111.38,114.42,112.8,110.88
미역,68.025,86.469,95.633,98.062,100,100.36,101.18,104.47,105.03,106.7
과자 · 빙과류 및 당류,84.192,87.639,91.083,98.492,100,98.98,100.07,99.97,101.72,102.44
초콜릿,81.283,81.466,81.918,95.618,100,100.14,99.38,99.85,102.47,103.9
사탕,84.423,91.426,98.973,102.025,100,98.47,97.47,97.36,97.06,98.45
껌,99.349,101.565,101.526,100.41,100,99.01,97.2,95.57,93.65,94.21
아이스크림,84.556,87.952,89.309,96.162,100,99.84,97.06,96.27,98.14,99.88
비스킷,80.391,82.396,87.783,99.2,100,100.49,103.44,100.93,100.95,99.93
스낵과자,85.394,90.246,93.47,99.432,100,99.28,103,104.24,107.86,108.56
파이,72.591,74.992,85.029,98.047,100,88.94,86.83,87.88,88.4,89.37
설탕,100.617,104.144,100.771,100.395,100,99.46,99.81,100.38,101.17,101.49
잼,89.594,94.906,99.778,99.199,100,100.37,103.38,104.96,104.54,107.31
꿀,98.184,99.208,100.734,99.782,100,102.25,112.56,115.03,118.01,117.8
물엿,86.737,95.995,98.803,101.151,100,100.22,101.53,99.46,100.16,100.82
기타 식료품,88.097,101.741,99.148,97.483,100,100.04,101.86,108.82,111.7,112.51
고춧가루,101.042,139.755,110.881,94.622,100,96.04,103.52,137.64,135.06,132.85
참깨,94.729,97.262,98.473,98.284,100,99.71,100.26,104.17,107.39,108.11
생강,64.099,73.641,82.832,84.096,100,76.17,58.44,97.01,156.79,126.23
소금,78.881,98.159,97.709,98.413,100,99.98,99.98,99.59,100.27,102.48
간장,81.441,92.358,98.044,100.077,100,100.62,105.92,108.37,109.18,110
된장,87.443,92.971,97.714,99.159,100,100.91,98.5,100.18,99.9,95.36
양념소스,90.515,97.702,96.298,100.339,100,99.68,98.02,97.65,96.79,97.22
고추장,79.927,92.762,97.128,99.272,100,99.65,100.34,101.19,106.77,98.94
카레,97.901,103.591,102.876,101.834,100,102.35,103.25,106.27,106.14,105.21
식초,-,-,-,-,100,101.2,106.08,109.92,115.13,118.65
드레싱,98.24,99.775,100.43,101.414,100,101.89,103.68,104.63,104.87,105.31
혼합조미료,69.273,75.984,81.094,85.825,100,102.3,107.15,110.4,117.51,121.18
스프,102.893,105.137,105.474,105.656,100,107.99,116.17,122.75,124,124.36
이유식,95.235,95.482,96.45,96.926,100,98.4,99.93,92.69,98.84,101.04
김치,86.177,96.133,101.37,100.537,100,107.94,111.1,109.08,109.44,119.19
밑반찬,84.72,92.389,94.413,97.795,100,102.13,104.61,108.61,112.01,114.4
냉동식품,89.697,93.937,94.559,95.155,100,99.82,96.36,97.7,100.09,100.85
즉석식품,90.077,95.287,99.303,99.177,100,99.38,100.94,105.14,109.03,111.19
삼각김밥,96.739,97.116,99.726,100.154,100,99.39,100.34,104.8,109.66,113.42
01.2 비주류 음료,90.486,94.658,97.063,98.168,100,99.83,99.18,100.18,101.61,102.39
커피 · 차 및 코코아,93.477,97.426,98.388,98.325,100,99.71,95.56,95.88,96.46,96.27
커피,94.173,98.199,99.328,98.393,100,100.42,94.84,95.66,96.28,95.55
차,91.591,96.072,96.226,98.167,100,97.39,97.94,96.49,96.92,98.63
생수 · 청량음료 · 과일주스 및 채소주스,88.776,93.055,96.298,98.077,100,99.9,101.16,102.53,104.44,105.78
주스,97.522,101.913,102.328,101.183,100,99.05,98.3,96.93,96.78,95.33
두유,89.709,92.479,99.054,99.875,100,99.6,102.22,108.95,112.39,113.26
생수,94.143,100.013,99.308,99.422,100,99.92,100.05,104.19,109.53,110.18
기능성음료,92.515,93.318,93.853,94.142,100,102.55,102.29,102.79,103.22,103.94
탄산음료,76.807,82.408,87.243,93.315,100,99.54,104.21,104.54,105.6,110.66
혼합음료,86.616,89.563,95.825,98.785,100,101.48,102.42,105.14,110.47,110.34
02 주류 및 담배,64.618,65.584,66.678,66.63,100,100.69,102.21,102.47,103.11,103.44
02.1 주류,93.987,94.703,99.076,99.222,100,102.22,107.12,107.92,109.86,110.85
주류,93.987,94.703,99.076,99.222,100,102.22,107.12,107.92,109.86,110.85
소주,92.089,91.846,99.004,99.037,100,106.4,112.37,113.35,117.47,120.45
과실주,96.253,95.351,101.049,99.317,100,99.21,95.39,97.29,98.14,98.09
맥주,93.839,95.723,98.955,99.371,100,100.76,107.02,107.45,108.72,108.98
막걸리,99.1,98.377,99.256,99.287,100,101.81,104.73,106.32,106.8,107.41
양주,92.667,93.06,97.488,97.928,100,100.01,100.35,101.69,102.18,100.93
약주,93.688,94.179,99.047,100.438,100,99.43,99.79,100.17,104.07,109.47
02.2 담배,55.31,56.355,56.409,56.304,100,100,100,100,100,100
담배,55.31,56.355,56.409,56.304,100,100,100,100,100,100
03 의류 및 신발,87.971,92.179,94.873,98.68,100,101.8,102.9,104.04,104.15,104.91
03.1 의류,87.272,91.4,94.663,98.642,100,101.63,102.8,103.77,103.71,104.35
남자의류,86.933,91.607,95.175,98.334,100,101.23,101.91,102.68,101.4,100.7
남자외의,82.471,87.328,91.986,95.898,100,101.49,101.98,103.06,103.61,103.93
남자상의,93.124,94.37,96.461,100.311,100,102.02,103.04,101.53,102.47,102.57
남자학생복,105.196,117.254,121.526,119.8,100,95.59,100.44,105.37,65.86,44.86
남자하의,84.738,89.354,91.462,95.636,100,101.71,101.92,102.66,103.14,103.32
남자내의,93.852,98.024,99.097,99.43,100,100.41,100.37,100.36,100.81,101.41
여자의류,88.387,92.073,94.545,99.795,100,102.85,104.11,105.48,104.48,105.74
여자외의,87.881,91.162,93.463,99.574,100,104.18,105.24,107.49,107.47,109.91
원피스,88.56,94.274,96.157,97.269,100,101,102.94,105.98,105.41,105.41
여자상의,88.238,90.887,92.943,98.245,100,101.6,102.44,100.93,100.08,100.08
여자학생복,104.916,117.557,121.314,119.488,100,95.91,100.07,104.56,67.5,46.5
여자하의,84.7,87.863,91.465,98.662,100,103.41,105.28,104.76,104.75,108.53
여자내의,92.185,95.324,96.7,98.308,100,102.45,102.58,104.54,105.33,105.77
캐쥬얼의류,85.301,89.391,93.268,97.643,100,100.58,101.16,101.92,103.88,105.53
점퍼,88.106,89.468,91.853,98.201,100,100.04,100.33,101.61,105.09,106.39
티셔츠,87.882,92.733,95.035,97.943,100,101.35,102.19,102.2,102.54,105.98
스웨터,96.141,98.883,98.898,98.918,100,104.84,104.91,104.91,105.79,110.19
청바지,82.066,85.732,95.889,96.574,100,100,100,100,102.7,104.46
운동복,75.796,82.425,89.514,96.395,100,99.82,102.07,102.87,103.39,103.28
등산복,91.632,93.052,94.644,97.867,100,100.43,100.43,102.21,102.14,101.66
아동복 · 유아복,86.269,91.843,96.56,98.804,100,101.98,105.44,105.86,104.35,102.34
아동복,85.844,91.375,96.857,98.686,100,102.12,105.9,106.63,105.07,104.01
유아복,87.567,93.266,95.646,99.149,100,101.54,104.06,103.32,102.03,96.55
기타의류 및 의류 장신구,94.212,96.877,97.74,98.952,100,101.33,101.56,102.51,102.13,101.92
양말,95.476,98.097,98.746,99.777,100,99.41,99.51,99.12,99.09,99.58
모자,97.059,97.059,97.059,97.059,100,105.89,106.44,110.93,108.41,106.47
넥타이,86.512,89.199,93.528,100,100,100.05,100.3,100.35,100.44,100.44
장갑,89.848,97.424,98.379,98.595,100,100.95,100.98,101.46,103.97,103.82
의류 세탁 · 수선 및 임차,94.428,96.284,97.26,98.433,100,101.12,102.99,104.93,107.1,109.24
의복수선료,92.782,94.594,96.108,98.191,100,101.09,103.39,105.44,108.3,110.07
세탁료,96.531,98.474,99.001,99.556,100,100.93,102.62,104.3,106.12,108.48
의복대여료,89.605,90.991,92.442,94.538,100,102.19,104.43,107.33,110.22,111.84
03.2 신발,92.331,97.135,96.197,98.918,100,102.82,103.52,105.77,106.95,108.54
신발,92.331,97.135,96.197,98.918,100,102.82,103.52,105.77,106.95,108.54
아동화,97.792,100,100,100,100,100,99.32,100.15,103.82,106.44
구두,91.607,96.041,96.022,99.089,100,104.44,105.79,111.29,113.13,116.38
운동화,91.012,97.367,95.041,98.387,100,102.55,103.24,103.25,103.25,103.25
실내화,96.83,98.598,99.225,99.439,100,100.74,100.49,100.95,101.19,101.18
04 주택 ·수도 · 전기 및 연료,90.343,94.498,97.841,100.645,100,99.19,100.87,101.58,102.75,103.28
04.1 주택임차료,89.056,92.812,95.282,97.518,100,101.86,103.51,104.15,104.04,104.27
주택임차료,89.056,92.812,95.282,97.518,100,101.86,103.51,104.15,104.04,104.27
전세,86.529,90.796,93.666,96.503,100,103.17,106.14,107.67,107.86,108.2
월세,94.536,97.155,98.763,99.708,100,100.37,100.51,100.23,99.81,99.93
04.3 주거시설 유지 · 보수,87.222,91.564,94.542,96.889,100,101.85,106.04,111,115.3,117.82
주거시설 유지 · 보수,87.222,91.564,94.542,96.889,100,101.85,106.04,111,115.3,117.82
주택수선재료,92.771,96.744,98.386,99.874,100,99.82,100.16,103.27,105.56,106.36
설비수리비,84.959,89.448,93,95.681,100,102.83,108.87,115.05,120.7,124.39
04.4 수도 및 주거관련 서비스,84.36,88.452,93.147,96.173,100,104.72,110.01,114.6,118.92,123.45
상하수도료,84.464,89.792,92.275,95.821,100,107.16,112.74,116.75,118.64,119.58
상수도료,93.06,96.07,97.236,98.029,100,102.7,104.23,105.56,105.46,105.07
하수도료,66.303,76.261,81.58,91.061,100,116.98,131.46,141.38,147.65,151.54
기타 주거관련 서비스,84.376,87.844,93.543,96.334,100,103.73,108.89,113.7,118.89,124.74
공동주택관리비,83.772,87.407,93.367,96.254,100,103.72,109,114,119.46,125.6
쓰레기봉투료,96.626,96.528,96.629,97.541,100,105.44,109.74,111.31,111.87,112.47
정화조청소료,93.26,96.092,97.805,98.592,100,101.36,102.42,104.98,107.2,110.1
04.5 전기 · 가스 및 기타연료,97.212,102.182,106.65,110.605,100,89.05,87.97,85.6,87.05,85.38
전기,93.958,95.878,99.476,101.708,100,95.88,89.83,87.2,87.41,87.41
가스,98.754,105.983,111.948,118.756,100,83.29,86.43,83.17,85.78,82.94
도시가스,97.707,105.167,111.662,118.818,100,82.68,85.55,81.87,84.75,81.81
취사용LPG,112.803,117.021,115.828,117.917,100,94.47,102.54,107.66,104.8,103.94
기타연료 및 에너지,106.382,114.219,115.839,114.701,100,84.01,86.38,89.52,91.64,87.31
등유,137.49,143.621,141.286,135.435,100,82.79,89.49,98.3,100.73,90.33
연탄,99.063,99.213,99.8,100.027,100,103.05,113.64,130.48,148.39,148.54
지역난방비,81.864,92.824,97.694,100.136,100,83.19,81.12,79.03,80.31,80.8
부탄가스,91.891,98.985,99.995,99.828,100,98.4,98.94,97.56,96.73,95.85
05 가정용품 및 가사 서비스,92.538,95.192,95.446,97.476,100,101.55,102.67,104.99,107.23,107.27
05.1 가구 · 가사비품 및 카페트,95.544,98.3,97.009,98.005,100,105.2,108.61,114.63,121.83,122.29
가구 · 가사비품 및 카페트,95.544,98.3,97.009,98.005,100,105.2,108.61,114.63,121.83,122.29
장롱,98.352,101.696,97.243,98.402,100,107.36,109.42,116.77,122.52,122.36
침대,96.266,98.768,98.768,99.589,100,103.98,107.87,115.06,127.22,127.22
거실장,92.187,94.869,93.992,98.723,100,103.05,105.18,110.34,114.08,116.04
소파,104.672,105.977,98.954,94.651,100,108.52,115.9,120.68,126.07,124.98
책상,92.582,94.101,92.136,95.1,100,103.36,107.78,117.22,119.89,122.02
의자,86.796,91.769,96.948,95.779,100,99.68,91.55,90.8,93.55,94.7
식탁,92.309,95.419,93.699,93.975,100,105.67,111.95,117.55,120.54,122.35
싱크대,90.602,94.086,96.928,99.764,100,103.96,105.46,109.23,115.98,119.11
05.2 가정용 섬유제품,98.557,100.965,101.347,100.408,100,101.02,101.98,102.93,104.58,107.63
가정용 섬유제품,98.557,100.965,101.347,100.408,100,101.02,101.98,102.93,104.58,107.63
침구,98.687,101.246,101.621,100.312,100,101.45,102.73,103.83,105.77,109.33
커튼,98.106,99.468,99.875,100.916,100,97.85,96.55,96.56,96.21,95.93
05.3 가정용 기기,91.913,92.093,92.966,96.548,100,101.61,101.48,101.91,102.48,100.88
가정용 기구,93.314,93.577,93.89,97.261,100,100.42,98.58,98.2,98.59,97.21
전기밥솥,109.149,108.001,109.191,100.831,100,101.47,96.08,105.53,93.82,86.23
가스레인지,93.624,93.452,97.667,104.377,100,106.17,94.73,96.48,91.51,90.12
전자레인지,101.536,102.863,101.045,99.63,100,103.97,102.75,103.64,105.29,104.75
전기레인지,-,-,-,-,100,82.85,73.35,77.8,75.79,96.96
냉장고,84.209,85.632,88.732,96.736,100,98.22,94.28,92.14,92.85,93.49
김치냉장고,95.526,92.048,88.398,95.614,100,96.05,92.36,90.8,92.61,89.86
에어컨,96.178,96.395,95.849,97.839,100,102.38,108.3,109.95,112.12,110.24
선풍기,86.063,93.705,94.968,96.344,100,100.83,90.04,85.7,89.5,91.67
공기청정기,107.025,109.605,113.003,104.603,100,106.22,108.08,106.21,102.04,105.57
세탁기,88.141,89.644,90.105,92.997,100,102.37,105.79,106.64,107.4,106.74
청소기,91.586,92.073,90.192,93.991,100,108.06,106.92,105.25,105.02,107.67
믹서,103.03,102.07,102.646,102.73,100,97.74,97.01,93.95,83.96,74.68
보온매트,94.597,94.644,94.644,95.537,100,101.63,101.65,102.98,108.88,106.85
비데,95.197,97.031,97.158,97.586,100,101.22,92.19,88.51,100.35,88.16
가정용 기구 수리서비스,88.778,88.778,90.902,94.963,100,104.55,108.65,112.48,113.78,111.38
가전제품수리비,86.696,86.696,86.696,94.282,100,108.12,115.06,123.32,125.77,131.28
가전제품렌탈비,90.736,90.736,94.862,95.599,100,101.31,102.85,103.13,103.51,94.85
05.4 주방용품 및 가정용품,87.889,92.41,93.354,95.232,100,100.66,100.78,102.12,102.36,103.36
주방용품 및 가정용품,87.889,92.41,93.354,95.232,100,100.66,100.78,102.12,102.36,103.36
식기,80.784,87.513,89.477,90.29,100,101.63,106.5,109.42,112.48,117.31
컵,85.973,90.526,90.247,91.175,100,99.21,94.91,92.63,91.38,89.86
솥,91.485,94.193,94.703,98.78,100,96.69,98.51,99.2,100.28,103.23
프라이팬,103.976,102.605,102.344,102.206,100,100.5,99.6,96.72,94.84,93.85
냄비,94.252,97.224,98.871,100.103,100,100.93,99.79,99.28,98.47,98.32
수저,93.713,95.906,97.261,99.171,100,100.83,100.37,101.23,102.87,104.03
밀폐용기,77.448,83.784,84.793,90.877,100,101.19,96.81,101.91,99.83,98.21
부엌용용구,94.559,99.321,98.952,99.132,100,100.03,102.47,104.99,106.73,108.58
05.5 가정 · 정원용 공구 및 장비,93.488,96.051,100.272,101.437,100,100.2,101.3,102.05,100.96,101.42
가정 · 정원용 공구 및 장비,93.488,96.051,100.272,101.437,100,100.2,101.3,102.05,100.96,101.42
보일러,97.702,100.235,100.359,100.271,100,99.91,100.17,100.6,101.08,103.74
건전지,95.111,96.531,97.185,97.676,100,103.81,107.55,108.5,110.96,113.92
디지털도어록,85.511,89.092,101.085,104.508,100,99.59,100.85,102.04,97.92,94.68
05.6 일상 생활용품 및 가사 서비스,91.801,96.384,95.776,97.566,100,99.19,100.54,104.22,107.03,107.98
비내구성 가정용품,99.325,102.88,98.417,98.786,100,96.35,95.19,94.34,95.33,94.97
세탁세제,108.147,109.618,99.908,100.577,100,91.24,89.58,87.63,87.14,86.61
섬유유연제,97.492,101.06,89.765,91.502,100,95.02,89.07,88.12,86.56,81.08
전구,87.856,98.786,99.334,97.535,100,100.23,95.8,93.6,92.4,91.8
부엌용세제,91.544,97.476,98.069,98.264,100,101.89,101.53,96.67,96.85,97.88
청소용세제,89.93,98.558,99.579,99.669,100,100.37,100.96,101.48,108.91,111.59
살충제,87.859,94.381,96.353,97.996,100,97.68,101.82,103.29,100.95,107.48
가정용비닐용품,88.228,92.551,94.887,98.378,100,99.73,100.67,105.24,116.83,120.75
키친타월,97.332,100.148,101.126,100.281,100,99.05,97.41,97.53,99.88,97.81
방향제,98.823,99.531,98.957,99.929,100,101.06,103.62,105.29,106.36,106.64
습기제거제,93.607,95.952,97.319,94.53,100,105.76,110.25,110.02,101.98,100.19
가구내 고용 및 가사 서비스,86.043,91.286,93.705,96.61,100,101.76,105.38,114.7,119.72,122.3
가사도우미료,85.108,91.199,93.139,96.154,100,101.85,105.5,115.74,120.68,123.1
간병도우미료,90.063,91.656,96.093,98.52,100,101.59,105.13,112.41,117.62,120.55
06 보건,96.837,97.725,98.074,98.765,100,100.99,101.88,101.83,102.3,103.85
06.1 의료용품 및 장비,97.582,97.289,97.751,98.707,100,99.97,99.41,98.52,99.37,100.58
의약품,98.35,97.449,97.707,98.657,100,99.95,99.42,98.82,100.03,100.99
감기약,89.453,91.741,93.681,95.341,100,102.83,104.04,107.46,110.66,111.48
진통제,92.711,93.658,95.8,98.644,100,107.31,110.39,110.69,114.08,123.83
소화제,85.106,90.33,92.988,96.037,100,100.73,101.12,101.73,111.11,119.19
정장제,94.781,98.664,99.55,99.6,100,100.61,101.66,102.57,105.33,120.74
위장약,89.526,91.907,94.065,96.699,100,101.61,103.4,105.78,108.73,113.08
진해거담제,91.62,91.914,92.558,93.889,100,101.38,108.34,117.82,126.33,131.52
소염진통제,87.284,92.483,95.421,98.304,100,101.12,103.78,107.15,109.3,110.85
피부질환제,92.464,96.638,98.11,99.478,100,100.57,101.31,102.43,109.35,112.51
치과구강용약,-,-,-,-,100,100.47,99.91,99.5,106.56,114.71
조제약,120.78,108.269,101.938,99.919,100,98.75,97.49,96.29,95.1,94.37
한방약,91.248,94.49,97.074,98.506,100,101.26,101.95,104.77,113.33,118.38
인삼,81.322,93.516,94.776,101.602,100,97.81,97.01,100.48,99.4,96.67
홍삼,88.753,92.266,95.623,100,100,100,100,100,100,100
비타민제,88.566,93.487,98.817,99.773,100,99.82,99.83,99.37,99.18,99.56
건강기능식품,90.387,90.387,94.581,96.678,100,100.4,98.85,94.87,93.97,93.14
병원약품,-,-,-,-,100,98.61,97.08,95,93.92,93.26
의료용품 및 치료기기,95.52,96.823,97.864,98.852,100,100.01,99.39,97.69,97.59,99.44
종이기저귀,93.653,94.231,94.761,96.452,100,99.25,97.79,93.4,95.15,101.84
생리대,85.583,91.57,97.048,99.795,100,98.97,98.57,97.95,97.63,98.56
안경,99.599,99.535,100.022,99.704,100,99.97,99.72,99.65,98.71,98.31
콘택트렌즈,102.196,101.277,100.162,100.089,100,99.37,98.44,97.11,94.7,94.76
의료측정기,106.246,104.775,102.045,100.93,100,101.22,100.37,99.38,98.7,102.83
보청기,-,-,-,-,100,100.63,101.35,101.36,101.36,101.36
건강기기렌탈비,-,-,-,-,100,100,100,100,100,101.05
치료재료,-,-,-,-,100,102.03,101.18,98.83,99.22,99.77
06.2 외래환자 서비스,97.628,98.71,98.488,98.763,100,101.63,103.5,104.89,105.66,107.94
의료서비스,94.768,95.559,96.529,98.221,100,102.31,104.93,107.47,109.65,112.22
외래진료비,94.543,95.259,96.232,98.035,100,102.31,104.94,107.52,109.91,112.55
건강검진비,94.88,96.981,98.6,99.509,100,101.13,101.7,102.42,103.32,104.01
한방진료비,89.15,92.474,94.963,97.563,100,102.24,105.26,108.29,107.14,108.66
약국조제료,-,-,-,-,100,103.06,106.66,109.72,113.19,117.18
기타 의료서비스,103.082,104.588,102.144,99.77,100,100.53,101.14,100.63,99.04,100.85
치과진료비,103.082,104.588,102.144,99.77,100,101.94,103.94,104.69,103.6,106.62
치과보철료,103.082,104.588,102.144,99.77,100,99.44,98.98,97.44,95.41,96.23
06.3 병원 서비스,92.92,95.878,97.593,98.911,100,101.7,103.5,101.26,99.81,99.95
병원 서비스,92.92,95.878,97.593,98.911,100,101.7,103.5,101.26,99.81,99.95
입원진료비,92.92,95.878,97.593,98.911,100,101.52,103.1,101.98,101.91,103.59
병원검사료,94.543,95.259,96.232,98.035,100,102.76,105.88,97.46,88.29,79.78
07 교통,107.385,110.864,110.279,108.508,100,97.79,101.29,103.74,101.88,100.01
07.1 운송장비,100.037,99.977,101.164,100.976,100,100.3,101.17,99.98,98.74,99.9
운송장비,100.037,99.977,101.164,100.976,100,100.3,101.17,99.98,98.74,99.9
소형승용차,99.334,99.998,101.284,101.333,100,101.86,102.5,102.44,101.68,101.12
중형승용차,99.272,99.732,100.793,100.577,100,97.77,98.21,98.75,96.62,98.65
대형승용차,103.997,102.8,103.101,102.225,100,99.24,102.31,102.42,101.84,102.26
경승용차,93.122,94.901,97.023,96.955,100,97.78,102.16,102.29,103.47,103.51
다목적승용차,100.247,100.159,101.539,100.643,100,100.15,99.79,98.57,96.89,97.02
수입승용차,101.509,99.148,100.973,102.146,100,102.31,102.95,99.23,97.9,101.3
자전거,85.413,92.462,94.168,97.291,100,99.57,97.85,101.42,100.08,103
07.2 개인운송장비 운영,121.237,125.133,122.061,117.696,100,94.13,100.12,105.46,100.91,95.25
개인운송장비 연료 및 윤활유,129.205,133.89,129.244,123.429,100,92.14,99.24,105.93,99.5,92.15
휘발유,126.65,131.24,127.074,120.969,100,93.01,98.98,104.88,97.39,91.59
경유,133.256,138.68,132.562,125.806,100,91,98.79,107.01,102.84,91.62
자동차용LPG,133.175,136.6,132.828,130.52,100,90.94,102.52,108.39,99.91,98.01
개인운송장비 소모품 및 유지 · 수리,98.176,98.854,99.747,99.936,100,100.31,101.03,102.28,103.86,104.75
자동차용품,110.135,98.855,115.826,105.271,100,97.45,95.4,93.4,92.71,91.46
자동차타이어,103.512,104.02,103.047,102.193,100,97.92,97.96,92.73,90.76,89.97
자동차수리비,98.383,99.298,99.259,99.727,100,100.58,101.31,103.14,104.98,106.07
엔진오일교체료,92.401,95.058,96.457,98.529,100,100.41,102.1,107.34,110.87,113.4
세차료,79.911,85.123,89.914,94.742,100,105.17,110.24,117.25,124.65,129.39
개인운송장비 관련 기타 서비스,93.453,95.767,99.015,99.225,100,102.68,106.72,107.49,108.57,106.01
자동차학원비,86.92,91.231,95.246,96.22,100,104.9,135.87,151.82,161.17,165.45
주차료,94.75,95.12,98.277,99.559,100,102.28,104.04,104.31,105.77,104.19
도로통행료,97.071,100,100,100,100,104.11,104.04,102.7,102.49,101.26
승용차임차료,82.627,86.865,100.218,100.134,100,100.01,99.83,99.61,99.72,90.63
대리운전이용료,98.787,99.541,99.72,98.921,100,103.32,105.47,108.06,111.16,113.5
자동차검사료,100,100,100,100,100,103.77,109.05,109.05,109.05,109.05
07.3 운송 서비스,87.025,92.614,95.319,97.192,100,102.95,103.98,104.87,107.85,110.17
철도 여객수송,84.637,92.238,93.518,93.797,100,104.22,104.91,104.64,104.64,104.64
열차료,93.536,96.016,96.016,96.016,100,100,98.34,97.15,97.15,97.15
도시철도료,81.494,90.811,92.576,92.955,100,105.94,107.57,107.93,107.93,107.93
도로 여객수송,85.576,90.854,94.373,96.876,100,103.41,104.16,104.22,109.41,113.09
시내버스료,83.947,91.634,93.827,95.514,100,104.94,105.91,105.67,107.01,111.3
시외버스료,94.4,94.4,98.99,99.992,100,100,99.98,99.84,111,113.23
고속버스료,95.876,95.876,99.313,100,100,100,100,100,106.63,107.96
택시료,86.252,86.252,93.945,100,100,100,100.43,101.32,113.91,116.96
항공 및 수상여객운송,111.027,115.356,112.72,110.487,100,98.7,101.82,106.91,106.01,106.55
국내항공료,96.769,101.635,106.87,107.315,100,97.93,102.83,107.37,108.61,107.49
국제항공료,113.987,117.837,114.314,111.646,100,98.77,101.73,107.2,105.89,106.36
여객선료,95.148,102.094,98.235,97.829,100,99.35,101.04,101.76,102.65,107.47
기타 여객운송,83.14,86.84,91.383,96.332,100,102.05,103.19,105.22,107.35,109.24
이삿짐운송료,79.306,84.496,88.904,94.463,100,103.16,105.54,109.01,111.55,113.75
택배이용료,91.554,91.414,96.221,99.972,100,100.45,99.82,99.71,101.23,102.65
08 통신,103.036,100.384,100.254,100.192,100,100.09,100.38,99.52,97.24,95.22
08.1 우편서비스,85.893,90.449,94.429,100,100,100,106.81,109.07,117.47,121.67
우편서비스,85.893,90.449,94.429,100,100,100,106.81,109.07,117.47,121.67
우편료,85.893,90.449,94.429,100,100,100,106.81,109.07,117.47,121.67
08.2 전화 및 팩스장비,117.074,112.407,109.037,105.514,100,100.28,101.89,102.93,102.26,103.17
전화 및 팩스장비,117.074,112.407,109.037,105.514,100,100.28,101.89,102.93,102.26,103.17
휴대전화기,117.074,112.407,109.037,105.514,100,100.28,101.89,102.93,102.26,103.17
08.3 전화 및 팩스 서비스,102.524,99.885,99.885,99.964,100,100.05,100.09,98.8,96.14,93.46
전화 및 팩스 서비스,102.524,99.885,99.885,99.964,100,100.05,100.09,98.8,96.14,93.46
유선전화료,98.239,98.239,98.239,99.411,100,100.15,100.14,100.14,100.14,100.22
휴대전화료,103.616,100,100,100,100,100,100,98.43,95.19,91.92
인터넷이용료,100,100,100,100,100,100,100,100,100.07,100.08
휴대전화기수리비,-,-,-,-,100,104.91,109.95,111.62,114.03,117.77
09 오락 및 문화,98.796,99.048,100.063,100.492,100,101.84,101.9,102.39,102.14,101.11
09.1 음향 · 영상 · 사진 및 정보처리 장비,128.806,114.762,110.673,103.909,100,100.11,97.89,92.81,89.35,86.93
영상 · 음향기기,147.13,125.274,119.978,109.576,100,96.81,90.07,81.57,76.47,72.29
TV,159.301,131.142,125.103,112.781,100,91.21,83.3,74.43,69.08,63.42
영상음향기기,98.209,93.51,100.706,99.663,100,100.35,97.71,95.11,93.98,93.9
사진기,149.351,126.851,112.157,102.353,100,113.02,106.99,98.65,93.46,99.83
정보처리기기 · 소모품,114.048,106.094,102.998,99.234,100,102.96,104.67,102.57,100.55,99.65
컴퓨터,123.257,111.183,106.708,101.148,100,101.89,103.1,101.52,98.76,96.84
컴퓨터수리비,-,-,-,-,100,102.08,102.08,104.93,104.93,104.93
휴대용멀티미디어기기,120.996,112.252,108.374,106.386,100,104.35,110.15,115.11,116.54,113.47
프린터,114.591,100.148,95.995,97.407,100,108.47,108.56,110.51,118.3,117.13
컴퓨터소모품,86.141,90.13,91.517,91.566,100,107.18,107.46,104.83,107.99,112.38
저장장치,143.018,135.444,125.354,105.88,100,106.21,119.4,91.71,75,78.99
09.2 기타 오락 및 문화용 주요 내구재,97.403,102.113,102.555,100.802,100,99.61,101.94,103.51,103.26,101.18
기타 오락 및 문화용 주요 내구재,97.403,102.113,102.555,100.802,100,99.61,101.94,103.51,103.26,101.18
피아노,101.62,106.078,105.756,101.692,100,100.53,102.39,102.81,104.41,104.87
현악기,93.156,98.432,99.582,99.975,100,97.66,101.49,107.58,109.15,109.39
헬스기구,-,-,-,-,100,101.67,101.92,101.24,98.55,93.23
09.3 기타 오락용품 · 조경용품 및 애완동물,94.029,95.805,97.037,98.783,100,103.55,103.65,104.06,102.66,105.11
기타 오락용품 · 조경용품 및 애완동물,94.029,95.805,97.037,98.783,100,103.55,103.65,104.06,102.66,105.11
장난감,98.836,97.899,96.831,97.765,100,104.47,105.23,105.99,105.88,106.54
레저용품,86.275,90.478,95.667,98.045,100,103.56,104.09,100.89,100.88,105.74
운동용품,103.605,103.137,102.053,101.192,100,102.07,98.39,99.75,92.78,100.69
생화,85.718,92.008,93.033,99.605,100,109.88,110.58,124.6,125.92,128.02
원예용품,96.98,99.281,100.102,100.406,100,99.59,98.9,99.05,99.12,100.13
애완동물용품,89.427,92.715,95.19,98.797,100,102.37,103.02,100.78,100.13,102.4
애완동물관리비,94.108,96.561,98.24,99.415,100,102,103.04,104.61,102.63,102.15
09.4 오락 및 문화 서비스,95.072,96.368,97.367,99.027,100,101.75,102.76,104.57,106.21,107.11
오락 및 스포츠 서비스,95.641,96.534,97.829,99.253,100,101.4,102.68,104.37,106.28,107.23
수영장이용료,92.213,93.835,95.063,98.626,100,102.47,103.28,104.87,108.25,109.48
스키장이용료,93.231,94.523,95.996,97.122,100,103.47,107.58,107.07,112.38,113.54
볼링장이용료,86.491,89.331,92.887,97.075,100,102.45,105.81,108.99,111.16,111.26
헬스클럽이용료,95.038,97.632,99.159,100.062,100,100.7,101.49,101.62,103.41,104.43
골프연습장이용료,104.129,104.103,103.402,101.006,100,98.92,97.48,96.81,96.86,97.12
골프장이용료,94.937,95.536,96.555,99.104,100,101.96,103.81,105.76,108.15,110.82
당구장이용료,96.014,96.769,98.12,98.542,100,101.37,102.39,104.46,105,105.08
노래방이용료,92.128,93.39,95.992,98.64,100,101.03,102.53,103.66,104.91,105.74
PC방이용료,96.239,97.783,100.015,101.279,100,97.36,98.53,104.28,106.1,104.92
놀이시설이용료,91.482,91.861,94.844,98.992,100,102.69,104.65,109.15,112.62,112.83
레포츠이용료,107.341,109.433,105.196,99.241,100,102.78,105.38,105.74,106.49,107.02
운동경기관람료,90.169,90.803,93.487,96.289,100,103.61,106.03,108.59,109.92,112.7
문화 서비스,94.766,96.28,97.118,98.902,100,101.93,102.8,104.68,106.16,107.04
영화관람료,90.777,91.037,92.09,98.029,100,102.67,103.5,111.16,114.01,117.01
공연예술관람료,89.848,90.12,90.639,98.022,100,101.52,103.02,105.17,104.66,104.44
전시관입장료,90.483,92.237,94.465,97.545,100,101.64,106.31,111.26,113.04,113.98
독서실비,95.322,96.891,98.72,99.461,100,100.39,101.29,102.49,103.15,103.55
문화강습료,92.88,94.878,96.108,98.328,100,100.77,101.75,104.77,107.33,108.65
온라인콘텐츠이용료,98.207,98.207,100.167,100,100,103.75,104.56,104.56,105.87,105.89
방송수신료,99.574,100.37,99.947,99.995,100,99.88,99.34,99.36,99.44,99.48
사진서비스료,89.76,94.127,95.646,97.521,100,101.88,104.72,106.85,109.65,112.01
09.5 신문 · 서적 및 문방구,89.035,92.008,94.411,97.028,100,100.58,102.04,103.12,104.78,104.21
서적,87.348,90.481,93.564,96.368,100,100.66,102.59,103.13,104.18,103.16
유아용학습교재,90.837,93.802,95.707,95.917,100,100.52,103.12,103.12,103.15,104.87
초등학교학습서,85.411,88.137,89.29,91.945,100,101.56,105.47,110.2,113.24,114.96
중학교학습서,88.715,90.992,95.428,99.498,100,100,100,101.39,106.23,106.47
고등학교학습서,99.741,99.914,99.894,99.894,100,101.72,103.33,105.23,108.11,109.63
교과서,61.208,70.547,81.135,91.487,100,100,100,85.93,76.15,36.95
대학교재,96.628,96.628,96.628,96.628,100,102.36,102.36,102.69,104.33,105.67
서적,82.559,86.908,91.897,96.677,100,100,102.29,102.71,102.94,102.41
신문 및 정기 간행물,98.151,98.83,99.526,99.526,100,100,100,105.56,111.11,111.11
신문,100,100,100,100,100,100,100,105.56,111.11,111.11
문방구,91.073,94.814,95.376,98.445,100,100.51,101.01,102.11,104.38,105.32
공책,85.896,88.215,88.188,97.293,100,100.79,100.84,101.61,104.23,105.6
스케치북,96.103,97.335,98.244,99.678,100,99.76,98.51,97.42,98.75,100.27
복사용지,105.262,106.341,106.057,103.421,100,98.08,96.9,101.22,103.58,104.84
기타문구,79.541,89.155,91.402,97.25,100,101.34,103.45,107.03,108.97,110.46
필기구,91.984,95.152,95.635,97.598,100,101.14,102.35,102.8,103.69,101.32
회화용구,88.783,93.345,94.026,96.996,100,100.13,100.22,100.39,104.77,109.07
09.6 단체여행,100.051,103.418,106.403,106.213,100,102.5,100.92,101.64,99.97,95.02
단체여행,100.051,103.418,106.403,106.213,100,102.5,100.92,101.64,99.97,95.02
국내단체여행비,102.167,106.525,108.102,107.287,100,100.61,102.83,103.04,101.13,102.16
해외단체여행비,99.371,102.323,105.804,105.833,100,103.03,100.38,101.2,99.58,93.5
10 교육,94.424,95.762,96.888,98.312,100,101.64,102.8,104.21,104.76,102.52
10.1 유치원 및 초등교육,132.312,120.645,93.339,92.838,100,102.74,103.85,105.78,105.63,100.82
유치원 및 초등교육,132.312,120.645,93.339,92.838,100,102.74,103.85,105.78,105.63,100.82
유치원납입금,132.312,120.645,93.339,92.838,100,102.74,103.85,105.78,105.63,100.82
10.2 중등교육,103.092,99.715,99.757,99.813,100,100.1,100.39,100.47,86.9,33.96
중등교육,103.092,99.715,99.757,99.813,100,100.1,100.39,100.47,86.9,33.96
고등학교납입금,103.092,99.715,99.757,99.813,100,100.1,100.39,100.47,86.9,33.96
10.3 고등교육,104.461,101.48,100.355,100.067,100,100.02,99.99,99.7,99.43,98.49
고등교육,104.461,101.48,100.355,100.067,100,100.02,99.99,99.7,99.43,98.49
전문대학납입금,105.03,101.659,100.257,100.029,100,100,100,100.07,100.08,99.77
국공립대학교납입금,109.938,102.508,100.532,100.164,100.01,99.84,99.52,98.66,98.43,97.67
사립대학교납입금,104.032,101.549,100.489,100.114,100,99.99,99.93,99.52,99.07,97.71
국공립대학원납입금,100.258,100.103,100.058,100.013,100.01,100.25,100.36,100.66,101.23,101.73
사립대학원납입금,97.851,97.918,98.411,99.365,100,100.49,100.99,101.54,101.99,102.45
10.4 기타교육,88.607,92.454,95.836,97.977,100,102.18,103.78,105.85,107.87,109.53
학원 및 보습교육,88.52,92.42,95.856,97.973,100,102.25,103.84,105.89,107.97,109.61
초등학생학원비,88.406,92.495,95.709,98.417,100,102.08,103.13,104.83,105.9,107.47
중학생학원비,86.383,91.049,95.205,97.073,100,101.87,102.88,104.71,106.59,108.73
고등학생학원비,84.749,89.861,94.526,97.431,100,102.94,105.22,107.55,109.54,111.28
음악학원비,88.515,93.028,96.193,98.058,100,103.09,106.31,109.5,111.39,114.06
미술학원비,88.275,92.325,95.031,97.621,100,102.85,105.21,107.44,109.95,112.19
운동학원비,87.818,90.286,92.857,96.585,100,103.29,106.35,110,113.41,116.11
전산학원비,84.689,88.822,94.445,97.473,100,101.48,101.69,103.2,104.59,107.26
가정학습지,98.624,99.618,101.305,101.157,100,101.61,101.66,102.06,105.12,105.12
이러닝이용료,95.631,97.367,98.934,98.934,100,101.74,101.74,101.74,110.31,91.45
학교보충교육비,98.7,98.902,98.925,99.738,100,100.03,102,103.47,104.53,104.84
성인학원 및 기타교육,89.744,92.897,95.549,97.993,100,101.23,102.8,105.15,106.38,108.3
취업학원비,88.593,92.151,95.456,97.397,100,99.85,102.3,106.13,105.06,108.26
외국어학원비,89.715,92.789,95.653,98.328,100,101.84,103.49,105.94,107.96,110.09
운동강습료,91.382,93.809,95.603,98.486,100,101.73,102.75,104.08,106.46,107.44
11 음식 및 숙박,93.731,94.855,96.326,97.722,100,102.51,104.97,108.14,110.1,111.15
11.1 음식 서비스,93.833,94.875,96.328,97.715,100,102.54,105.02,108.22,110.23,111.09
음식 서비스,93.833,94.875,96.328,97.715,100,102.54,105.02,108.22,110.23,111.09
김치찌개백반,92.327,94.398,96.42,98.604,100,101.28,103.73,106.76,110.32,112.21
된장찌개백반,92.089,94.946,96.887,98.573,100,101.37,103.54,106.98,110.8,112.27
비빔밥,91.815,94.337,96.701,98.131,100,101.54,103.29,106.91,110.44,111.27
설렁탕,91.887,93.979,95.401,97.063,100,101.78,105.14,109.81,112.77,114.25
갈비탕,88.617,90.338,93.152,95.933,100,104.04,108.67,115.2,118.67,121.74
삼계탕,91.869,94.364,96.104,97.979,100,101.28,103.3,106.34,109.02,109.74
해물찜,92.941,96.043,97.427,98.376,100,101.76,103.5,105.72,107,107.57
해장국,93.899,96.504,97.908,98.544,100,101.69,103.4,107.34,109.82,111.82
불고기,94.77,95.482,96.563,98.053,100,103.72,105.79,108.4,111.1,112.97
쇠고기(외식),95.256,96.54,97.186,98.662,100,104.08,106.45,109.77,112.25,115.23
돼지갈비(외식),93.091,94.847,95.61,97.481,100,102.14,104.56,108.52,110.92,111.79
삼겹살(외식),92.834,94.756,95.225,96.979,100,102.38,105.04,108.47,110.71,112.21
오리고기(외식),95.284,96.921,97.557,98.79,100,100.43,101.7,104.23,105.7,106.3
냉면,89.305,92.641,95.121,97.377,100,101.53,103.89,108.16,111.91,113.68
칼국수,92.824,94.915,97.24,98.832,100,101.96,104.33,108.33,111.32,113.37
죽(외식),96.136,98.454,98.454,98.454,100,102.18,102.18,106.64,114.08,115.16
생선초밥,95.051,96.047,97.918,98.987,100,102.25,103.64,105.71,108.14,109.12
생선회(외식),96.416,97.613,99.139,99.52,100,104.28,106.8,111.03,110.11,110.06
자장면,93.339,94.445,96.09,97.308,100,102.81,106.1,110.83,115.04,116.68
짬뽕,90.712,92.151,94.924,97.128,100,103.18,107.3,112.89,117.42,119.22
탕수육,92.829,94.826,96.404,97.911,100,101.91,104.25,107.51,110.58,111.82
볶음밥,92.908,94.174,96.172,97.872,100,102.96,106.66,111,114.39,116.39
돈가스,95.878,97.488,98.513,99.332,100,102.14,103.97,106.7,109.9,110.67
스테이크,92.242,94.976,97.057,98.22,100,102.7,104.66,106.52,109.08,111.34
스파게티,94.191,96.441,98.042,99.373,100,100.77,102.43,104.7,106.24,107.54
라면(외식),86.757,90.005,93.017,96.588,100,103.51,107.89,112.41,116.77,119
김밥,89.292,91.136,94.037,97.471,100,104.73,112.85,119.23,125.78,129.33
떡볶이,88.374,90.576,93.757,96.198,100,103.12,105.78,111.46,116.3,119.32
치킨,94.345,96.57,98.616,99.412,100,100.35,101.23,104.01,109.37,110.84
햄버거,99.626,100.195,95.488,97.1,100,100.23,101.35,105.71,108.25,106.93
피자,93.788,96.578,96.578,99.715,100,100,100,101.22,101.62,100.89
커피(외식),91.52,93.799,96.451,97.592,100,100.39,101.14,101.77,104.37,104.52
국산차(외식),96.53,97.797,98.499,99.299,100,99.93,100.16,100.18,100.32,100.76
소주(외식),91.926,91.997,94.69,96.46,100,111.73,117.56,120.43,121.72,122.57
맥주(외식),87.925,89.908,95.276,98.118,100,102.3,104.89,106.87,109.4,110.57
막걸리(외식),97.495,97.841,98.463,99.316,100,101.56,102.64,103.47,105.15,106.69
학교급식비,133.356,108.845,99.489,93.476,100,103.23,105.41,101.06,59.44,27.11
구내식당식사비,87.23,90.808,93.346,95.125,100,102.53,105.37,109.06,112.34,115.21
도시락,-,-,-,-,100,100,100,106.55,109.01,109.01
11.2 숙박 서비스,89.201,93.838,96.2,98.078,100,101.49,103.42,105.74,106.68,111.92
숙박 서비스,89.201,93.838,96.2,98.078,100,101.49,103.42,105.74,106.68,111.92
호텔숙박료,83.783,93.719,97.603,98.48,100,100.45,105.13,107.13,104.77,98.36
여관숙박료,94.781,97.098,98.337,99.244,100,100.04,100.11,99.82,99.97,98.56
콘도이용료,90.105,96.605,97.102,96.629,100,101.21,103.61,119.62,120.9,118.2
학교기숙사비,91.124,92.849,94.944,97.84,100,101.42,102.9,104.56,106.38,108.5
휴양시설이용료,-,-,-,-,100,102.98,102.98,102.98,105.96,125.6
12 기타 상품 및 서비스,97.236,94.059,94.495,97.409,100,103.44,106.31,106.94,108.65,110.78
12.1 미용용품 및 미용 서비스,89.572,92.372,94.711,98.085,100,100.2,99.78,100.42,101.62,102.81
이미용 및 미용시설,87.241,91.047,94.239,97.807,100,101.25,103.02,106.38,108.79,110.35
목욕료,86.155,90.458,93.949,98.095,100,101.5,104.16,108.52,111.87,114.55
찜질방이용료,87.943,91.105,94.206,96.447,100,101.23,103.94,107.42,110.96,112.23
이용료,93.229,95.456,96.932,98.589,100,101.15,101.67,103.94,105.52,106.7
미용료,85.865,89.995,93.545,97.799,100,101.24,102.76,106.02,108.33,109.79
뷰티미용료,93.689,96.397,97.863,99.191,100,101.1,102.69,105.83,107.14,108.57
개인용 전기용품 및 미용용품,91.588,93.453,95.093,98.311,100,99.26,96.9,95.36,95.58,96.48
면도기,88.559,91.45,92.92,93.509,100,106.71,108.64,108.47,105.77,101.74
헤어드라이어,84.367,88.243,89.993,94,100,104.46,104.54,96.07,89.5,82.76
칫솔,88.679,91.536,90.372,87.489,100,98.58,101.25,100.3,99.39,102.39
치약,89.549,88.536,84.456,94.339,100,102.27,94.65,96.43,98.32,103.33
비누,92.343,102.342,103.994,101.384,100,97.3,95.35,91.77,91.6,89.75
샴푸,106.049,108.192,101.268,101.247,100,91.67,78.03,79.54,83.49,81.63
바디워시,98.06,101.832,97.959,102.072,100,104.18,81.26,68.92,66.87,64.02
화장지,99.496,102.583,102.734,100.926,100,99.74,94.68,92.79,94.78,97.08
기초화장품,91.553,93.69,94.778,98.464,100,99.8,100.41,99.61,100.52,100.7
기능성화장품,79.158,78.085,89.676,99.378,100,98.7,97.76,96.29,94.9,97.48
색조화장품,90.677,94.347,94.35,96.965,100,100.25,103.16,102.87,105.48,105.44
모발염색약,107.621,108.472,103.924,92.942,100,100.11,88.97,84.98,84.26,87.25
구강세정제,92.748,95.517,97.987,99.552,100,97.08,94.31,91.57,95.18,98.8
12.3 기타 개인용품,80.935,83.507,88.087,92.876,100,102.31,104.47,105.7,107.95,108.49
기타 개인용품,80.935,83.507,88.087,92.876,100,102.31,104.47,105.7,107.95,108.49
손목시계,99.788,97.373,97.255,98.816,100,100.75,100.61,100.55,100.55,103.9
장신구,96.561,97.275,100,100.432,100,99.45,102.06,104.85,110.77,117.33
가방,66.596,71.846,81.04,86.969,100,104,105.08,106.7,110.62,110.89
핸드백,85.785,88.113,86.869,96.913,100,102.01,103.56,106.06,106.78,106.26
우산,92.926,96.384,98.636,99.573,100,99.67,99.03,99.17,99.04,98.5
유모차,107.744,103.262,100.782,99.618,100,103.72,111.39,112.69,110.52,105.78
지갑,-,-,-,-,100,97.49,101.49,98.15,99.77,99.58
12.4~7 기타서비스,122.657,104.387,97.742,98.438,100,108.98,117.29,117.63,120.04,124.45
기타서비스,122.657,104.387,97.742,98.438,100,108.98,117.29,117.63,120.04,124.45
산후조리원이용료,96.823,99.233,99.309,98.746,100,101.37,102.55,104.67,106.56,108.04
보육시설이용료,174.807,126.076,92.772,94.28,100,104.35,104.38,103.1,99.03,96.3
요양시설이용료,88.992,91.217,93.715,96.939,100,101.68,105.73,115.48,122.35,125.35
보험서비스료,-,-,-,-,100,123.54,147.61,147.62,152.58,164.67
자동차보험료,102.664,100.685,100,100,100,102.43,102.51,101.74,106.02,110.94
금융수수료,128.161,100,100,100,100,100,99.93,99.92,99.93,99.91
부동산중개수수료,101.941,101.941,101.941,101.941,100,98.68,98.68,98.68,98.68,98.68
행정수수료,96.089,96.484,100,100,100,100,100,100,100,100
대입전형료,106.74,104.719,102.339,100.449,100,98.69,98.75,86.33,85.92,86.02
시험응시료,87.789,91.816,92.454,97.546,100,102.75,104.1,104.56,106.43,110.02
장례비,94.838,96.82,97.558,98.286,100,102.36,104.4,105.24,106.24,106.85
