"시도별","지출목적별",2020,2019,2018,2017,2016,2015,2014,2013,2012,2011
"전국","0 총지수",105.42,104.85,104.45,102.93,100.97,100.00,99.298,98.048,96.789,94.717
"전국","01 식료품 · 비주류음료",113.58,108.77,108.72,105.78,102.31,100.00,98.377,98.090,97.256,93.550
"전국","01.1 식료품",114.35,109.24,109.30,106.22,102.47,100.00,98.390,98.164,97.441,93.745
"전국","빵 및 곡물",113.81,113.18,107.23,98.27,98.08,100.00,100.547,99.840,95.558,91.252
"전국","쌀",117.77,116.83,107.79,84.82,89.68,100.00,102.321,104.157,98.742,90.052
"전국","현미",115.76,120.39,103.25,89.86,96.00,100.00,-,-,-,-
"전국","찹쌀",115.30,120.66,103.94,89.34,95.67,100.00,99.737,104.217,97.120,108.693
"전국","보리쌀",95.69,104.59,106.35,102.77,100.88,100.00,103.562,95.264,78.826,65.053
"전국","콩",130.54,149.25,136.34,117.71,91.71,100.00,105.726,120.304,116.332,125.332
"전국","땅콩",112.61,106.11,99.10,99.12,100.57,100.00,98.204,105.965,108.366,81.066
"전국","혼식곡",102.35,103.23,95.56,89.00,93.06,100.00,111.785,122.535,105.375,109.805
"전국","밀가루",99.43,100.50,98.83,97.79,98.92,100.00,100.896,98.420,89.600,88.910
"전국","국수",95.80,93.31,94.99,95.68,98.93,100.00,103.366,104.151,102.897,100.333
"전국","라면",104.78,104.99,105.11,104.77,99.37,100.00,100.002,99.921,99.411,92.533
"전국","당면",104.94,104.47,102.31,100.50,100.33,100.00,99.909,99.234,98.732,95.931
"전국","두부",103.12,100.88,99.08,99.16,101.62,100.00,100.144,99.603,93.601,92.197
"전국","시리얼",94.17,93.85,92.72,94.73,99.37,100.00,95.737,99.274,104.647,102.462
"전국","부침가루",99.31,97.71,97.96,99.27,96.81,100.00,99.748,98.545,100.125,95.084
"전국","케이크",119.86,117.81,114.55,111.20,104.33,100.00,98.113,92.647,92.378,90.351
"전국","빵",120.37,118.04,112.53,105.80,103.78,100.00,98.896,93.256,86.963,83.587
"전국","떡",114.31,112.30,104.33,100.98,100.41,100.00,99.320,97.818,95.804,93.449
"전국","파스타면",103.03,96.42,95.81,95.40,95.59,100.00,-,-,-,-
"전국","육류",112.95,105.63,105.97,106.39,104.43,100.00,95.927,87.956,89.644,95.570
"전국","국산쇠고기",129.20,119.33,116.53,113.73,114.60,100.00,93.164,87.760,86.892,88.852
"전국","수입쇠고기",112.18,110.28,106.50,104.82,102.20,100.00,96.545,87.223,86.133,86.710
"전국","돼지고기",109.59,98.97,102.99,106.87,100.65,100.00,96.468,83.222,89.019,102.993
"전국","닭고기",96.39,100.49,99.15,101.46,96.67,100.00,102.167,105.548,100.390,103.528
"전국","소시지",101.65,96.81,97.22,98.20,100.23,100.00,93.460,87.290,91.458,89.992
"전국","햄및베이컨",96.46,92.28,93.80,92.37,95.85,100.00,98.305,93.578,94.668,92.835
"전국","어류 및 수산",119.86,113.22,111.92,108.17,102.61,100.00,99.204,97.484,96.196,93.671
"전국","갈치",99.71,93.17,95.28,106.66,109.16,100.00,94.475,95.496,95.520,83.396
"전국","명태",120.46,108.73,106.34,106.00,103.02,100.00,94.754,90.239,91.045,106.135
"전국","조기",95.21,95.35,97.36,97.95,100.03,100.00,100.717,99.932,95.964,91.661
"전국","고등어",106.35,94.30,97.46,96.39,96.54,100.00,99.877,95.298,97.351,108.753
"전국","오징어",212.87,190.65,187.77,155.34,103.65,100.00,98.963,98.453,104.744,109.583
"전국","게",144.90,138.62,134.55,126.76,127.09,100.00,97.114,97.737,97.265,97.078
"전국","굴",113.73,106.16,104.24,107.13,106.97,100.00,95.132,89.154,92.706,90.052
"전국","조개",122.57,115.14,114.31,112.11,106.64,100.00,99.458,98.378,89.772,77.439
"전국","전복",78.90,79.48,84.05,90.23,92.72,100.00,105.464,107.772,115.658,103.766
"전국","마른멸치",109.44,106.78,103.30,102.35,97.95,100.00,103.215,99.637,91.916,92.936
"전국","마른오징어",212.27,204.94,178.65,137.16,100.82,100.00,100.965,104.293,105.262,99.214
"전국","낙지",129.27,130.90,132.50,101.73,98.46,100.00,-,-,-,-
"전국","오징어채",142.66,143.05,140.42,118.53,104.39,100.00,101.080,99.151,102.145,98.747
"전국","북어채",114.88,110.54,104.45,104.53,101.40,100.00,99.291,94.506,94.252,96.666
"전국","어묵",118.37,114.94,105.33,97.05,98.86,100.00,99.474,98.559,93.022,84.448
"전국","맛살",106.68,105.78,101.95,101.74,101.64,100.00,100.960,100.997,100.042,97.700
"전국","생선통조림",110.24,107.13,106.56,102.10,99.02,100.00,100.664,99.890,94.346,86.910
"전국","젓갈",133.59,129.27,122.59,117.38,112.75,100.00,97.290,94.522,94.820,89.881
"전국","우유 · 치즈 및 계란",104.57,102.07,99.71,106.18,97.90,100.00,99.949,93.806,90.523,86.587
"전국","우유",105.52,105.03,100.39,98.83,99.54,100.00,99.982,93.055,89.684,82.684
"전국","분유",88.43,86.44,86.65,90.53,93.91,100.00,96.285,89.885,89.577,82.883
"전국","치즈",100.90,100.55,101.09,100.76,99.68,100.00,99.219,99.887,101.947,102.149
"전국","발효유",107.35,105.31,104.13,101.03,101.77,100.00,98.752,94.980,92.618,87.671
"전국","달걀",102.91,94.75,94.49,131.40,91.47,100.00,102.690,94.940,88.703,94.007
"전국","식용유지",101.85,98.07,96.93,97.45,100.31,100.00,101.026,98.546,96.060,95.633
"전국","참기름",117.94,107.51,102.70,99.49,101.99,100.00,100.476,97.558,95.102,95.257
"전국","식용유",88.84,90.40,92.20,95.70,98.88,100.00,101.490,99.388,96.874,95.892
"전국","과일",114.50,110.50,114.99,112.21,98.70,100.00,105.011,113.369,117.894,107.076
"전국","사과",103.56,96.14,97.49,92.20,86.57,100.00,100.422,112.291,110.534,99.895
"전국","배",122.88,125.33,97.86,99.44,107.01,100.00,107.398,144.411,123.078,110.137
"전국","복숭아",101.12,100.90,101.52,102.27,100.92,100.00,117.931,125.727,121.197,122.422
"전국","포도",126.32,116.83,120.12,113.75,99.27,100.00,115.057,141.285,140.804,133.255
"전국","밤",124.42,105.54,108.46,121.01,118.28,100.00,98.712,132.373,126.521,91.038
"전국","감",136.18,130.25,131.61,115.07,97.88,100.00,116.985,118.025,134.835,120.412
"전국","귤",138.32,146.82,160.81,192.25,107.89,100.00,112.867,108.000,136.033,106.469
"전국","오렌지",94.47,82.54,97.92,102.38,92.72,100.00,100.666,85.846,96.453,99.298
"전국","참외",100.18,95.88,105.04,93.50,92.49,100.00,96.131,107.633,133.841,141.562
"전국","수박",114.47,124.08,135.98,120.71,105.66,100.00,112.952,138.688,136.799,130.880
"전국","딸기",92.29,81.69,101.32,90.73,91.58,100.00,91.463,87.759,111.744,98.099
"전국","바나나",112.23,108.03,106.59,108.79,112.52,100.00,97.016,95.130,76.659,76.018
"전국","키위",97.48,94.03,92.19,92.91,90.29,100.00,105.282,97.529,102.503,96.648
"전국","블루베리",97.38,91.00,96.57,96.91,96.56,100.00,-,-,-,-
"전국","아몬드",87.52,89.50,92.02,92.74,97.95,100.00,-,-,-,-
"전국","과일가공품",108.60,106.53,104.44,104.48,103.52,100.00,101.118,100.568,99.653,81.558
"전국","채소 및 해조",127.45,111.71,121.69,116.17,115.91,100.00,92.154,107.783,106.446,101.706
"전국","배추",176.45,124.55,141.15,138.53,169.62,100.00,88.453,157.685,131.869,132.778
"전국","상추",137.36,126.26,131.89,119.57,117.19,100.00,87.117,101.972,106.350,88.416
"전국","시금치",139.47,125.07,141.16,118.84,128.43,100.00,82.887,109.724,107.278,92.144
"전국","양배추",205.66,132.82,162.70,158.51,133.46,100.00,76.513,135.232,136.197,124.534
"전국","미나리",133.89,124.72,129.92,116.11,114.59,100.00,91.886,90.246,97.740,87.316
"전국","깻잎",133.54,115.80,123.76,109.42,111.23,100.00,99.745,95.814,98.949,92.031
"전국","부추",132.15,107.46,108.92,102.52,114.15,100.00,86.881,92.600,108.502,111.912
"전국","무",169.36,136.16,181.73,155.65,148.44,100.00,85.256,115.059,119.738,138.534
"전국","열무",149.27,129.49,117.90,114.04,125.64,100.00,94.575,110.548,124.025,162.011
"전국","당근",166.35,135.79,146.61,149.08,122.64,100.00,115.573,174.252,115.034,137.001
"전국","감자",116.14,112.57,148.37,122.26,97.07,100.00,84.747,86.257,107.494,105.538
"전국","고구마",134.68,116.40,127.89,102.40,96.00,100.00,90.494,93.186,115.396,103.654
"전국","도라지",111.00,107.60,102.60,100.52,99.47,100.00,104.007,102.966,98.671,95.462
"전국","콩나물",110.51,110.46,110.00,108.65,100.51,100.00,99.674,98.455,92.758,90.265
"전국","버섯",87.82,91.79,93.16,94.80,96.93,100.00,101.777,97.678,97.332,94.168
"전국","오이",119.26,115.94,112.15,104.73,107.09,100.00,92.900,99.926,98.027,87.306
"전국","풋고추",121.75,105.10,106.76,107.03,107.81,100.00,104.125,98.058,106.386,89.727
"전국","호박",128.82,102.93,120.83,105.23,110.40,100.00,99.532,103.600,110.891,112.061
"전국","가지",122.59,110.72,116.74,110.62,106.52,100.00,98.361,105.634,113.943,115.112
"전국","토마토",140.11,118.34,119.45,117.86,112.64,100.00,105.100,116.386,124.690,116.958
"전국","파",115.39,95.21,114.66,113.59,120.26,100.00,71.156,103.329,107.254,98.423
"전국","양파",114.93,79.01,92.93,115.34,107.05,100.00,74.660,126.546,87.412,81.761
"전국","마늘",99.74,102.00,118.72,123.72,132.15,100.00,81.134,93.978,101.292,110.084
"전국","브로콜리",143.84,132.20,130.06,116.25,128.41,100.00,110.262,118.630,134.637,104.794
"전국","고사리",101.45,99.13,98.99,97.73,97.62,100.00,100.178,95.924,94.064,89.454
"전국","파프리카",120.29,105.05,120.10,104.60,110.37,100.00,-,-,-,-
"전국","단무지",99.19,99.08,95.76,92.54,93.79,100.00,101.806,97.405,94.350,92.346
"전국","김",145.50,141.82,139.28,129.00,107.61,100.00,98.955,93.247,87.146,82.582
"전국","맛김",110.88,112.80,114.42,111.38,102.94,100.00,98.007,96.851,95.057,88.275
"전국","미역",106.70,105.03,104.47,101.18,100.36,100.00,98.062,95.633,86.469,68.025
"전국","과자 · 빙과류 및 당류",102.44,101.72,99.97,100.07,98.98,100.00,98.492,91.083,87.639,84.192
"전국","초콜릿",103.90,102.47,99.85,99.38,100.14,100.00,95.618,81.918,81.466,81.283
"전국","사탕",98.45,97.06,97.36,97.47,98.47,100.00,102.025,98.973,91.426,84.423
"전국","껌",94.21,93.65,95.57,97.20,99.01,100.00,100.410,101.526,101.565,99.349
"전국","아이스크림",99.88,98.14,96.27,97.06,99.84,100.00,96.162,89.309,87.952,84.556
"전국","비스킷",99.93,100.95,100.93,103.44,100.49,100.00,99.200,87.783,82.396,80.391
"전국","스낵과자",108.56,107.86,104.24,103.00,99.28,100.00,99.432,93.470,90.246,85.394
"전국","파이",89.37,88.40,87.88,86.83,88.94,100.00,98.047,85.029,74.992,72.591
"전국","설탕",101.49,101.17,100.38,99.81,99.46,100.00,100.395,100.771,104.144,100.617
"전국","잼",107.31,104.54,104.96,103.38,100.37,100.00,99.199,99.778,94.906,89.594
"전국","꿀",117.80,118.01,115.03,112.56,102.25,100.00,99.782,100.734,99.208,98.184
"전국","물엿",100.82,100.16,99.46,101.53,100.22,100.00,101.151,98.803,95.995,86.737
"전국","기타 식료품",112.51,111.70,108.82,101.86,100.04,100.00,97.483,99.148,101.741,88.097
"전국","고춧가루",132.85,135.06,137.64,103.52,96.04,100.00,94.622,110.881,139.755,101.042
"전국","참깨",108.11,107.39,104.17,100.26,99.71,100.00,98.284,98.473,97.262,94.729
"전국","생강",126.23,156.79,97.01,58.44,76.17,100.00,84.096,82.832,73.641,64.099
"전국","소금",102.48,100.27,99.59,99.98,99.98,100.00,98.413,97.709,98.159,78.881
"전국","간장",110.00,109.18,108.37,105.92,100.62,100.00,100.077,98.044,92.358,81.441
"전국","된장",95.36,99.90,100.18,98.50,100.91,100.00,99.159,97.714,92.971,87.443
"전국","양념소스",97.22,96.79,97.65,98.02,99.68,100.00,100.339,96.298,97.702,90.515
"전국","고추장",98.94,106.77,101.19,100.34,99.65,100.00,99.272,97.128,92.762,79.927
"전국","카레",105.21,106.14,106.27,103.25,102.35,100.00,101.834,102.876,103.591,97.901
"전국","식초",118.65,115.13,109.92,106.08,101.20,100.00,-,-,-,-
"전국","드레싱",105.31,104.87,104.63,103.68,101.89,100.00,101.414,100.430,99.775,98.240
"전국","혼합조미료",121.18,117.51,110.40,107.15,102.30,100.00,85.825,81.094,75.984,69.273
"전국","스프",124.36,124.00,122.75,116.17,107.99,100.00,105.656,105.474,105.137,102.893
"전국","이유식",101.04,98.84,92.69,99.93,98.40,100.00,96.926,96.450,95.482,95.235
"전국","김치",119.19,109.44,109.08,111.10,107.94,100.00,100.537,101.370,96.133,86.177
"전국","밑반찬",114.40,112.01,108.61,104.61,102.13,100.00,97.795,94.413,92.389,84.720
"전국","냉동식품",100.85,100.09,97.70,96.36,99.82,100.00,95.155,94.559,93.937,89.697
"전국","즉석식품",111.19,109.03,105.14,100.94,99.38,100.00,99.177,99.303,95.287,90.077
"전국","삼각김밥",113.42,109.66,104.80,100.34,99.39,100.00,100.154,99.726,97.116,96.739
"전국","01.2 비주류 음료",102.39,101.61,100.18,99.18,99.83,100.00,98.168,97.063,94.658,90.486
"전국","커피 · 차 및 코코아",96.27,96.46,95.88,95.56,99.71,100.00,98.325,98.388,97.426,93.477
"전국","커피",95.55,96.28,95.66,94.84,100.42,100.00,98.393,99.328,98.199,94.173
"전국","차",98.63,96.92,96.49,97.94,97.39,100.00,98.167,96.226,96.072,91.591
"전국","생수 · 청량음료 · 과일주스 및 채소주스",105.78,104.44,102.53,101.16,99.90,100.00,98.077,96.298,93.055,88.776
"전국","주스",95.33,96.78,96.93,98.30,99.05,100.00,101.183,102.328,101.913,97.522
"전국","두유",113.26,112.39,108.95,102.22,99.60,100.00,99.875,99.054,92.479,89.709
"전국","생수",110.18,109.53,104.19,100.05,99.92,100.00,99.422,99.308,100.013,94.143
"전국","기능성음료",103.94,103.22,102.79,102.29,102.55,100.00,94.142,93.853,93.318,92.515
"전국","탄산음료",110.66,105.60,104.54,104.21,99.54,100.00,93.315,87.243,82.408,76.807
"전국","혼합음료",110.34,110.47,105.14,102.42,101.48,100.00,98.785,95.825,89.563,86.616
"전국","02 주류 및 담배",103.44,103.11,102.47,102.21,100.69,100.00,66.630,66.678,65.584,64.618
"전국","02.1 주류",110.85,109.86,107.92,107.12,102.22,100.00,99.222,99.076,94.703,93.987
"전국","주류",110.85,109.86,107.92,107.12,102.22,100.00,99.222,99.076,94.703,93.987
"전국","소주",120.45,117.47,113.35,112.37,106.40,100.00,99.037,99.004,91.846,92.089
"전국","과실주",98.09,98.14,97.29,95.39,99.21,100.00,99.317,101.049,95.351,96.253
"전국","맥주",108.98,108.72,107.45,107.02,100.76,100.00,99.371,98.955,95.723,93.839
"전국","막걸리",107.41,106.80,106.32,104.73,101.81,100.00,99.287,99.256,98.377,99.100
"전국","양주",100.93,102.18,101.69,100.35,100.01,100.00,97.928,97.488,93.060,92.667
"전국","약주",109.47,104.07,100.17,99.79,99.43,100.00,100.438,99.047,94.179,93.688
"전국","02.2 담배",100.00,100.00,100.00,100.00,100.00,100.00,56.304,56.409,56.355,55.310
"전국","담배",100.00,100.00,100.00,100.00,100.00,100.00,56.304,56.409,56.355,55.310
"전국","담배",100.00,100.00,100.00,100.00,100.00,100.00,56.304,56.409,56.355,55.310
"전국","03 의류 및 신발",104.91,104.15,104.04,102.90,101.80,100.00,98.680,94.873,92.179,87.971
"전국","03.1 의류",104.35,103.71,103.77,102.80,101.63,100.00,98.642,94.663,91.400,87.272
"전국","남자의류",100.70,101.40,102.68,101.91,101.23,100.00,98.334,95.175,91.607,86.933
"전국","남자외의",103.93,103.61,103.06,101.98,101.49,100.00,95.898,91.986,87.328,82.471
"전국","남자상의",102.57,102.47,101.53,103.04,102.02,100.00,100.311,96.461,94.370,93.124
"전국","남자학생복",44.86,65.86,105.37,100.44,95.59,100.00,119.800,121.526,117.254,105.196
"전국","남자하의",103.32,103.14,102.66,101.92,101.71,100.00,95.636,91.462,89.354,84.738
"전국","남자내의",101.41,100.81,100.36,100.37,100.41,100.00,99.430,99.097,98.024,93.852
"전국","여자의류",105.74,104.48,105.48,104.11,102.85,100.00,99.795,94.545,92.073,88.387
"전국","여자외의",109.91,107.47,107.49,105.24,104.18,100.00,99.574,93.463,91.162,87.881
"전국","원피스",105.41,105.41,105.98,102.94,101.00,100.00,97.269,96.157,94.274,88.560
"전국","여자상의",100.08,100.08,100.93,102.44,101.60,100.00,98.245,92.943,90.887,88.238
"전국","여자학생복",46.50,67.50,104.56,100.07,95.91,100.00,119.488,121.314,117.557,104.916
"전국","여자하의",108.53,104.75,104.76,105.28,103.41,100.00,98.662,91.465,87.863,84.700
"전국","여자내의",105.77,105.33,104.54,102.58,102.45,100.00,98.308,96.700,95.324,92.185
"전국","캐쥬얼의류",105.53,103.88,101.92,101.16,100.58,100.00,97.643,93.268,89.391,85.301
"전국","점퍼",106.39,105.09,101.61,100.33,100.04,100.00,98.201,91.853,89.468,88.106
"전국","티셔츠",105.98,102.54,102.20,102.19,101.35,100.00,97.943,95.035,92.733,87.882
"전국","스웨터",110.19,105.79,104.91,104.91,104.84,100.00,98.918,98.898,98.883,96.141
"전국","청바지",104.46,102.70,100.00,100.00,100.00,100.00,96.574,95.889,85.732,82.066
"전국","운동복",103.28,103.39,102.87,102.07,99.82,100.00,96.395,89.514,82.425,75.796
"전국","등산복",101.66,102.14,102.21,100.43,100.43,100.00,97.867,94.644,93.052,91.632
"전국","아동복 · 유아복",102.34,104.35,105.86,105.44,101.98,100.00,98.804,96.560,91.843,86.269
"전국","아동복",104.01,105.07,106.63,105.90,102.12,100.00,98.686,96.857,91.375,85.844
"전국","유아복",96.55,102.03,103.32,104.06,101.54,100.00,99.149,95.646,93.266,87.567
"전국","기타의류 및 의류 장신구",101.92,102.13,102.51,101.56,101.33,100.00,98.952,97.740,96.877,94.212
"전국","양말",99.58,99.09,99.12,99.51,99.41,100.00,99.777,98.746,98.097,95.476
"전국","모자",106.47,108.41,110.93,106.44,105.89,100.00,97.059,97.059,97.059,97.059
"전국","넥타이",100.44,100.44,100.35,100.30,100.05,100.00,100.000,93.528,89.199,86.512
"전국","장갑",103.82,103.97,101.46,100.98,100.95,100.00,98.595,98.379,97.424,89.848
"전국","의류 세탁 · 수선 및 임차",109.24,107.10,104.93,102.99,101.12,100.00,98.433,97.260,96.284,94.428
"전국","의복수선료",110.07,108.30,105.44,103.39,101.09,100.00,98.191,96.108,94.594,92.782
"전국","세탁료",108.48,106.12,104.30,102.62,100.93,100.00,99.556,99.001,98.474,96.531
"전국","의복대여료",111.84,110.22,107.33,104.43,102.19,100.00,94.538,92.442,90.991,89.605
"전국","03.2 신발",108.54,106.95,105.77,103.52,102.82,100.00,98.918,96.197,97.135,92.331
"전국","신발",108.54,106.95,105.77,103.52,102.82,100.00,98.918,96.197,97.135,92.331
"전국","아동화",106.44,103.82,100.15,99.32,100.00,100.00,100.000,100.000,100.000,97.792
"전국","구두",116.38,113.13,111.29,105.79,104.44,100.00,99.089,96.022,96.041,91.607
"전국","운동화",103.25,103.25,103.25,103.24,102.55,100.00,98.387,95.041,97.367,91.012
"전국","실내화",101.18,101.19,100.95,100.49,100.74,100.00,99.439,99.225,98.598,96.830
"전국","04 주택 ·수도 · 전기 및 연료",103.28,102.75,101.58,100.87,99.19,100.00,100.645,97.841,94.498,90.343
"전국","04.1 주택임차료",104.27,104.04,104.15,103.51,101.86,100.00,97.518,95.282,92.812,89.056
"전국","주택임차료",104.27,104.04,104.15,103.51,101.86,100.00,97.518,95.282,92.812,89.056
"전국","전세",108.20,107.86,107.67,106.14,103.17,100.00,96.503,93.666,90.796,86.529
"전국","월세",99.93,99.81,100.23,100.51,100.37,100.00,99.708,98.763,97.155,94.536
"전국","04.3 주거시설 유지 · 보수",117.82,115.30,111.00,106.04,101.85,100.00,96.889,94.542,91.564,87.222
"전국","주거시설 유지 · 보수",117.82,115.30,111.00,106.04,101.85,100.00,96.889,94.542,91.564,87.222
"전국","주택수선재료",106.36,105.56,103.27,100.16,99.82,100.00,99.874,98.386,96.744,92.771
"전국","설비수리비",124.39,120.70,115.05,108.87,102.83,100.00,95.681,93.000,89.448,84.959
"전국","04.4 수도 및 주거관련 서비스",123.45,118.92,114.60,110.01,104.72,100.00,96.173,93.147,88.452,84.360
"전국","상하수도료",119.58,118.64,116.75,112.74,107.16,100.00,95.821,92.275,89.792,84.464
"전국","상수도료",105.07,105.46,105.56,104.23,102.70,100.00,98.029,97.236,96.070,93.060
"전국","하수도료",151.54,147.65,141.38,131.46,116.98,100.00,91.061,81.580,76.261,66.303
"전국","기타 주거관련 서비스",124.74,118.89,113.70,108.89,103.73,100.00,96.334,93.543,87.844,84.376
"전국","공동주택관리비",125.60,119.46,114.00,109.00,103.72,100.00,96.254,93.367,87.407,83.772
"전국","쓰레기봉투료",112.47,111.87,111.31,109.74,105.44,100.00,97.541,96.629,96.528,96.626
"전국","정화조청소료",110.10,107.20,104.98,102.42,101.36,100.00,98.592,97.805,96.092,93.260
"전국","04.5 전기 · 가스 및 기타연료",85.38,87.05,85.60,87.97,89.05,100.00,110.605,106.650,102.182,97.212
"전국","전기",87.41,87.41,87.20,89.83,95.88,100.00,101.708,99.476,95.878,93.958
"전국","전기료",87.41,87.41,87.20,89.83,95.88,100.00,101.708,99.476,95.878,93.958
"전국","가스",82.94,85.78,83.17,86.43,83.29,100.00,118.756,111.948,105.983,98.754
"전국","도시가스",81.81,84.75,81.87,85.55,82.68,100.00,118.818,111.662,105.167,97.707
"전국","취사용LPG",103.94,104.80,107.66,102.54,94.47,100.00,117.917,115.828,117.021,112.803
"전국","기타연료 및 에너지",87.31,91.64,89.52,86.38,84.01,100.00,114.701,115.839,114.219,106.382
"전국","등유",90.33,100.73,98.30,89.49,82.79,100.00,135.435,141.286,143.621,137.490
"전국","연탄",148.54,148.39,130.48,113.64,103.05,100.00,100.027,99.800,99.213,99.063
"전국","지역난방비",80.80,80.31,79.03,81.12,83.19,100.00,100.136,97.694,92.824,81.864
"전국","부탄가스",95.85,96.73,97.56,98.94,98.40,100.00,99.828,99.995,98.985,91.891
"전국","05 가정용품 및 가사 서비스",107.27,107.23,104.99,102.67,101.55,100.00,97.476,95.446,95.192,92.538
"전국","05.1 가구 · 가사비품 및 카페트",122.29,121.83,114.63,108.61,105.20,100.00,98.005,97.009,98.300,95.544
"전국","가구 · 가사비품 및 카페트",122.29,121.83,114.63,108.61,105.20,100.00,98.005,97.009,98.300,95.544
"전국","장롱",122.36,122.52,116.77,109.42,107.36,100.00,98.402,97.243,101.696,98.352
"전국","침대",127.22,127.22,115.06,107.87,103.98,100.00,99.589,98.768,98.768,96.266
"전국","거실장",116.04,114.08,110.34,105.18,103.05,100.00,98.723,93.992,94.869,92.187
"전국","소파",124.98,126.07,120.68,115.90,108.52,100.00,94.651,98.954,105.977,104.672
"전국","책상",122.02,119.89,117.22,107.78,103.36,100.00,95.100,92.136,94.101,92.582
"전국","의자",94.70,93.55,90.80,91.55,99.68,100.00,95.779,96.948,91.769,86.796
"전국","식탁",122.35,120.54,117.55,111.95,105.67,100.00,93.975,93.699,95.419,92.309
"전국","싱크대",119.11,115.98,109.23,105.46,103.96,100.00,99.764,96.928,94.086,90.602
"전국","05.2 가정용 섬유제품",107.63,104.58,102.93,101.98,101.02,100.00,100.408,101.347,100.965,98.557
"전국","가정용 섬유제품",107.63,104.58,102.93,101.98,101.02,100.00,100.408,101.347,100.965,98.557
"전국","침구",109.33,105.77,103.83,102.73,101.45,100.00,100.312,101.621,101.246,98.687
"전국","커튼",95.93,96.21,96.56,96.55,97.85,100.00,100.916,99.875,99.468,98.106
"전국","05.3 가정용 기기",100.88,102.48,101.91,101.48,101.61,100.00,96.548,92.966,92.093,91.913
"전국","가정용 기구",97.21,98.59,98.20,98.58,100.42,100.00,97.261,93.890,93.577,93.314
"전국","전기밥솥",86.23,93.82,105.53,96.08,101.47,100.00,100.831,109.191,108.001,109.149
"전국","가스레인지",90.12,91.51,96.48,94.73,106.17,100.00,104.377,97.667,93.452,93.624
"전국","전자레인지",104.75,105.29,103.64,102.75,103.97,100.00,99.630,101.045,102.863,101.536
"전국","전기레인지",96.96,75.79,77.80,73.35,82.85,100.00,-,-,-,-
"전국","냉장고",93.49,92.85,92.14,94.28,98.22,100.00,96.736,88.732,85.632,84.209
"전국","김치냉장고",89.86,92.61,90.80,92.36,96.05,100.00,95.614,88.398,92.048,95.526
"전국","에어컨",110.24,112.12,109.95,108.30,102.38,100.00,97.839,95.849,96.395,96.178
"전국","선풍기",91.67,89.50,85.70,90.04,100.83,100.00,96.344,94.968,93.705,86.063
"전국","공기청정기",105.57,102.04,106.21,108.08,106.22,100.00,104.603,113.003,109.605,107.025
"전국","세탁기",106.74,107.40,106.64,105.79,102.37,100.00,92.997,90.105,89.644,88.141
"전국","청소기",107.67,105.02,105.25,106.92,108.06,100.00,93.991,90.192,92.073,91.586
"전국","믹서",74.68,83.96,93.95,97.01,97.74,100.00,102.730,102.646,102.070,103.030
"전국","보온매트",106.85,108.88,102.98,101.65,101.63,100.00,95.537,94.644,94.644,94.597
"전국","비데",88.16,100.35,88.51,92.19,101.22,100.00,97.586,97.158,97.031,95.197
"전국","가정용 기구 수리서비스",111.38,113.78,112.48,108.65,104.55,100.00,94.963,90.902,88.778,88.778
"전국","가전제품수리비",131.28,125.77,123.32,115.06,108.12,100.00,94.282,86.696,86.696,86.696
"전국","가전제품렌탈비",94.85,103.51,103.13,102.85,101.31,100.00,95.599,94.862,90.736,90.736
"전국","05.4 주방용품 및 가정용품",103.36,102.36,102.12,100.78,100.66,100.00,95.232,93.354,92.410,87.889
"전국","주방용품 및 가정용품",103.36,102.36,102.12,100.78,100.66,100.00,95.232,93.354,92.410,87.889
"전국","식기",117.31,112.48,109.42,106.50,101.63,100.00,90.290,89.477,87.513,80.784
"전국","컵",89.86,91.38,92.63,94.91,99.21,100.00,91.175,90.247,90.526,85.973
"전국","솥",103.23,100.28,99.20,98.51,96.69,100.00,98.780,94.703,94.193,91.485
"전국","프라이팬",93.85,94.84,96.72,99.60,100.50,100.00,102.206,102.344,102.605,103.976
"전국","냄비",98.32,98.47,99.28,99.79,100.93,100.00,100.103,98.871,97.224,94.252
"전국","수저",104.03,102.87,101.23,100.37,100.83,100.00,99.171,97.261,95.906,93.713
"전국","밀폐용기",98.21,99.83,101.91,96.81,101.19,100.00,90.877,84.793,83.784,77.448
"전국","부엌용용구",108.58,106.73,104.99,102.47,100.03,100.00,99.132,98.952,99.321,94.559
"전국","05.5 가정 · 정원용 공구 및 장비",101.42,100.96,102.05,101.30,100.20,100.00,101.437,100.272,96.051,93.488
"전국","가정 · 정원용 공구 및 장비",101.42,100.96,102.05,101.30,100.20,100.00,101.437,100.272,96.051,93.488
"전국","보일러",103.74,101.08,100.60,100.17,99.91,100.00,100.271,100.359,100.235,97.702
"전국","건전지",113.92,110.96,108.50,107.55,103.81,100.00,97.676,97.185,96.531,95.111
"전국","디지털도어록",94.68,97.92,102.04,100.85,99.59,100.00,104.508,101.085,89.092,85.511
"전국","05.6 일상 생활용품 및 가사 서비스",107.98,107.03,104.22,100.54,99.19,100.00,97.566,95.776,96.384,91.801
"전국","비내구성 가정용품",94.97,95.33,94.34,95.19,96.35,100.00,98.786,98.417,102.880,99.325
"전국","세탁세제",86.61,87.14,87.63,89.58,91.24,100.00,100.577,99.908,109.618,108.147
"전국","섬유유연제",81.08,86.56,88.12,89.07,95.02,100.00,91.502,89.765,101.060,97.492
"전국","전구",91.80,92.40,93.60,95.80,100.23,100.00,97.535,99.334,98.786,87.856
"전국","부엌용세제",97.88,96.85,96.67,101.53,101.89,100.00,98.264,98.069,97.476,91.544
"전국","청소용세제",111.59,108.91,101.48,100.96,100.37,100.00,99.669,99.579,98.558,89.930
"전국","살충제",107.48,100.95,103.29,101.82,97.68,100.00,97.996,96.353,94.381,87.859
"전국","가정용비닐용품",120.75,116.83,105.24,100.67,99.73,100.00,98.378,94.887,92.551,88.228
"전국","키친타월",97.81,99.88,97.53,97.41,99.05,100.00,100.281,101.126,100.148,97.332
"전국","방향제",106.64,106.36,105.29,103.62,101.06,100.00,99.929,98.957,99.531,98.823
"전국","습기제거제",100.19,101.98,110.02,110.25,105.76,100.00,94.530,97.319,95.952,93.607
"전국","가구내 고용 및 가사 서비스",122.30,119.72,114.70,105.38,101.76,100.00,96.610,93.705,91.286,86.043
"전국","가사도우미료",123.10,120.68,115.74,105.50,101.85,100.00,96.154,93.139,91.199,85.108
"전국","간병도우미료",120.55,117.62,112.41,105.13,101.59,100.00,98.520,96.093,91.656,90.063
"전국","06 보건",103.85,102.30,101.83,101.88,100.99,100.00,98.765,98.074,97.725,96.837
"전국","06.1 의료용품 및 장비",100.58,99.37,98.52,99.41,99.97,100.00,98.707,97.751,97.289,97.582
"전국","의약품",100.99,100.03,98.82,99.42,99.95,100.00,98.657,97.707,97.449,98.350
"전국","감기약",111.48,110.66,107.46,104.04,102.83,100.00,95.341,93.681,91.741,89.453
"전국","진통제",123.83,114.08,110.69,110.39,107.31,100.00,98.644,95.800,93.658,92.711
"전국","소화제",119.19,111.11,101.73,101.12,100.73,100.00,96.037,92.988,90.330,85.106
"전국","정장제",120.74,105.33,102.57,101.66,100.61,100.00,99.600,99.550,98.664,94.781
"전국","위장약",113.08,108.73,105.78,103.40,101.61,100.00,96.699,94.065,91.907,89.526
"전국","진해거담제",131.52,126.33,117.82,108.34,101.38,100.00,93.889,92.558,91.914,91.620
"전국","소염진통제",110.85,109.30,107.15,103.78,101.12,100.00,98.304,95.421,92.483,87.284
"전국","피부질환제",112.51,109.35,102.43,101.31,100.57,100.00,99.478,98.110,96.638,92.464
"전국","치과구강용약",114.71,106.56,99.50,99.91,100.47,100.00,-,-,-,-
"전국","조제약",94.37,95.10,96.29,97.49,98.75,100.00,99.919,101.938,108.269,120.780
"전국","한방약",118.38,113.33,104.77,101.95,101.26,100.00,98.506,97.074,94.490,91.248
"전국","인삼",96.67,99.40,100.48,97.01,97.81,100.00,101.602,94.776,93.516,81.322
"전국","홍삼",100.00,100.00,100.00,100.00,100.00,100.00,100.000,95.623,92.266,88.753
"전국","비타민제",99.56,99.18,99.37,99.83,99.82,100.00,99.773,98.817,93.487,88.566
"전국","건강기능식품",93.14,93.97,94.87,98.85,100.40,100.00,96.678,94.581,90.387,90.387
"전국","병원약품",93.26,93.92,95.00,97.08,98.61,100.00,-,-,-,-
"전국","의료용품 및 치료기기",99.44,97.59,97.69,99.39,100.01,100.00,98.852,97.864,96.823,95.520
"전국","종이기저귀",101.84,95.15,93.40,97.79,99.25,100.00,96.452,94.761,94.231,93.653
"전국","생리대",98.56,97.63,97.95,98.57,98.97,100.00,99.795,97.048,91.570,85.583
"전국","안경",98.31,98.71,99.65,99.72,99.97,100.00,99.704,100.022,99.535,99.599
"전국","콘택트렌즈",94.76,94.70,97.11,98.44,99.37,100.00,100.089,100.162,101.277,102.196
"전국","의료측정기",102.83,98.70,99.38,100.37,101.22,100.00,100.930,102.045,104.775,106.246
"전국","보청기",101.36,101.36,101.36,101.35,100.63,100.00,-,-,-,-
"전국","건강기기렌탈비",101.05,100.00,100.00,100.00,100.00,100.00,-,-,-,-
"전국","치료재료",99.77,99.22,98.83,101.18,102.03,100.00,-,-,-,-
"전국","06.2 외래환자 서비스",107.94,105.66,104.89,103.50,101.63,100.00,98.763,98.488,98.710,97.628
"전국","의료서비스",112.22,109.65,107.47,104.93,102.31,100.00,98.221,96.529,95.559,94.768
"전국","외래진료비",112.55,109.91,107.52,104.94,102.31,100.00,98.035,96.232,95.259,94.543
"전국","건강검진비",104.01,103.32,102.42,101.70,101.13,100.00,99.509,98.600,96.981,94.880
"전국","한방진료비",108.66,107.14,108.29,105.26,102.24,100.00,97.563,94.963,92.474,89.150
"전국","약국조제료",117.18,113.19,109.72,106.66,103.06,100.00,-,-,-,-
"전국","기타 의료서비스",100.85,99.04,100.63,101.14,100.53,100.00,99.770,102.144,104.588,103.082
"전국","치과진료비",106.62,103.60,104.69,103.94,101.94,100.00,99.770,102.144,104.588,103.082
"전국","치과보철료",96.23,95.41,97.44,98.98,99.44,100.00,99.770,102.144,104.588,103.082
"전국","06.3 병원 서비스",99.95,99.81,101.26,103.50,101.70,100.00,98.911,97.593,95.878,92.920
"전국","병원 서비스",99.95,99.81,101.26,103.50,101.70,100.00,98.911,97.593,95.878,92.920
"전국","입원진료비",103.59,101.91,101.98,103.10,101.52,100.00,98.911,97.593,95.878,92.920
"전국","병원검사료",79.78,88.29,97.46,105.88,102.76,100.00,98.035,96.232,95.259,94.543
"전국","07 교통",100.01,101.88,103.74,101.29,97.79,100.00,108.508,110.279,110.864,107.385
"전국","07.1 운송장비",99.90,98.74,99.98,101.17,100.30,100.00,100.976,101.164,99.977,100.037
"전국","운송장비",99.90,98.74,99.98,101.17,100.30,100.00,100.976,101.164,99.977,100.037
"전국","소형승용차",101.12,101.68,102.44,102.50,101.86,100.00,101.333,101.284,99.998,99.334
"전국","중형승용차",98.65,96.62,98.75,98.21,97.77,100.00,100.577,100.793,99.732,99.272
"전국","대형승용차",102.26,101.84,102.42,102.31,99.24,100.00,102.225,103.101,102.800,103.997
"전국","경승용차",103.51,103.47,102.29,102.16,97.78,100.00,96.955,97.023,94.901,93.122
"전국","다목적승용차",97.02,96.89,98.57,99.79,100.15,100.00,100.643,101.539,100.159,100.247
"전국","수입승용차",101.30,97.90,99.23,102.95,102.31,100.00,102.146,100.973,99.148,101.509
"전국","자전거",103.00,100.08,101.42,97.85,99.57,100.00,97.291,94.168,92.462,85.413
"전국","07.2 개인운송장비 운영",95.25,100.91,105.46,100.12,94.13,100.00,117.696,122.061,125.133,121.237
"전국","개인운송장비 연료 및 윤활유",92.15,99.50,105.93,99.24,92.14,100.00,123.429,129.244,133.890,129.205
"전국","휘발유",91.59,97.39,104.88,98.98,93.01,100.00,120.969,127.074,131.240,126.650
"전국","경유",91.62,102.84,107.01,98.79,91.00,100.00,125.806,132.562,138.680,133.256
"전국","자동차용LPG",98.01,99.91,108.39,102.52,90.94,100.00,130.520,132.828,136.600,133.175
"전국","개인운송장비 소모품 및 유지 · 수리",104.75,103.86,102.28,101.03,100.31,100.00,99.936,99.747,98.854,98.176
"전국","자동차용품",91.46,92.71,93.40,95.40,97.45,100.00,105.271,115.826,98.855,110.135
"전국","자동차타이어",89.97,90.76,92.73,97.96,97.92,100.00,102.193,103.047,104.020,103.512
"전국","자동차수리비",106.07,104.98,103.14,101.31,100.58,100.00,99.727,99.259,99.298,98.383
"전국","엔진오일교체료",113.40,110.87,107.34,102.10,100.41,100.00,98.529,96.457,95.058,92.401
"전국","세차료",129.39,124.65,117.25,110.24,105.17,100.00,94.742,89.914,85.123,79.911
"전국","개인운송장비 관련 기타 서비스",106.01,108.57,107.49,106.72,102.68,100.00,99.225,99.015,95.767,93.453
"전국","자동차학원비",165.45,161.17,151.82,135.87,104.90,100.00,96.220,95.246,91.231,86.920
"전국","주차료",104.19,105.77,104.31,104.04,102.28,100.00,99.559,98.277,95.120,94.750
"전국","도로통행료",101.26,102.49,102.70,104.04,104.11,100.00,100.000,100.000,100.000,97.071
"전국","승용차임차료",90.63,99.72,99.61,99.83,100.01,100.00,100.134,100.218,86.865,82.627
"전국","대리운전이용료",113.50,111.16,108.06,105.47,103.32,100.00,98.921,99.720,99.541,98.787
"전국","자동차검사료",109.05,109.05,109.05,109.05,103.77,100.00,100.000,100.000,100.000,100.000
"전국","07.3 운송 서비스",110.17,107.85,104.87,103.98,102.95,100.00,97.192,95.319,92.614,87.025
"전국","철도 여객수송",104.64,104.64,104.64,104.91,104.22,100.00,93.797,93.518,92.238,84.637
"전국","열차료",97.15,97.15,97.15,98.34,100.00,100.00,96.016,96.016,96.016,93.536
"전국","도시철도료",107.93,107.93,107.93,107.57,105.94,100.00,92.955,92.576,90.811,81.494
"전국","도로 여객수송",113.09,109.41,104.22,104.16,103.41,100.00,96.876,94.373,90.854,85.576
"전국","시내버스료",111.30,107.01,105.67,105.91,104.94,100.00,95.514,93.827,91.634,83.947
"전국","시외버스료",113.23,111.00,99.84,99.98,100.00,100.00,99.992,98.990,94.400,94.400
"전국","고속버스료",107.96,106.63,100.00,100.00,100.00,100.00,100.000,99.313,95.876,95.876
"전국","택시료",116.96,113.91,101.32,100.43,100.00,100.00,100.000,93.945,86.252,86.252
"전국","항공 및 수상여객운송",106.55,106.01,106.91,101.82,98.70,100.00,110.487,112.720,115.356,111.027
"전국","국내항공료",107.49,108.61,107.37,102.83,97.93,100.00,107.315,106.870,101.635,96.769
"전국","국제항공료",106.36,105.89,107.20,101.73,98.77,100.00,111.646,114.314,117.837,113.987
"전국","여객선료",107.47,102.65,101.76,101.04,99.35,100.00,97.829,98.235,102.094,95.148
"전국","기타 여객운송",109.24,107.35,105.22,103.19,102.05,100.00,96.332,91.383,86.840,83.140
"전국","이삿짐운송료",113.75,111.55,109.01,105.54,103.16,100.00,94.463,88.904,84.496,79.306
"전국","택배이용료",102.65,101.23,99.71,99.82,100.45,100.00,99.972,96.221,91.414,91.554
"전국","08 통신",95.22,97.24,99.52,100.38,100.09,100.00,100.192,100.254,100.384,103.036
"전국","08.1 우편서비스",121.67,117.47,109.07,106.81,100.00,100.00,100.000,94.429,90.449,85.893
"전국","우편서비스",121.67,117.47,109.07,106.81,100.00,100.00,100.000,94.429,90.449,85.893
"전국","우편료",121.67,117.47,109.07,106.81,100.00,100.00,100.000,94.429,90.449,85.893
"전국","08.2 전화 및 팩스장비",103.17,102.26,102.93,101.89,100.28,100.00,105.514,109.037,112.407,117.074
"전국","전화 및 팩스장비",103.17,102.26,102.93,101.89,100.28,100.00,105.514,109.037,112.407,117.074
"전국","휴대전화기",103.17,102.26,102.93,101.89,100.28,100.00,105.514,109.037,112.407,117.074
"전국","08.3 전화 및 팩스 서비스",93.46,96.14,98.80,100.09,100.05,100.00,99.964,99.885,99.885,102.524
"전국","전화 및 팩스 서비스",93.46,96.14,98.80,100.09,100.05,100.00,99.964,99.885,99.885,102.524
"전국","유선전화료",100.22,100.14,100.14,100.14,100.15,100.00,99.411,98.239,98.239,98.239
"전국","휴대전화료",91.92,95.19,98.43,100.00,100.00,100.00,100.000,100.000,100.000,103.616
"전국","인터넷이용료",100.08,100.07,100.00,100.00,100.00,100.00,100.000,100.000,100.000,100.000
"전국","휴대전화기수리비",117.77,114.03,111.62,109.95,104.91,100.00,-,-,-,-
"전국","09 오락 및 문화",101.11,102.14,102.39,101.90,101.84,100.00,100.492,100.063,99.048,98.796
"전국","09.1 음향 · 영상 · 사진 및 정보처리 장비",86.93,89.35,92.81,97.89,100.11,100.00,103.909,110.673,114.762,128.806
"전국","영상 · 음향기기",72.29,76.47,81.57,90.07,96.81,100.00,109.576,119.978,125.274,147.130
"전국","TV",63.42,69.08,74.43,83.30,91.21,100.00,112.781,125.103,131.142,159.301
"전국","영상음향기기",93.90,93.98,95.11,97.71,100.35,100.00,99.663,100.706,93.510,98.209
"전국","사진기",99.83,93.46,98.65,106.99,113.02,100.00,102.353,112.157,126.851,149.351
"전국","정보처리기기 · 소모품",99.65,100.55,102.57,104.67,102.96,100.00,99.234,102.998,106.094,114.048
"전국","컴퓨터",96.84,98.76,101.52,103.10,101.89,100.00,101.148,106.708,111.183,123.257
"전국","컴퓨터수리비",104.93,104.93,104.93,102.08,102.08,100.00,-,-,-,-
"전국","휴대용멀티미디어기기",113.47,116.54,115.11,110.15,104.35,100.00,106.386,108.374,112.252,120.996
"전국","프린터",117.13,118.30,110.51,108.56,108.47,100.00,97.407,95.995,100.148,114.591
"전국","컴퓨터소모품",112.38,107.99,104.83,107.46,107.18,100.00,91.566,91.517,90.130,86.141
"전국","저장장치",78.99,75.00,91.71,119.40,106.21,100.00,105.880,125.354,135.444,143.018
"전국","09.2 기타 오락 및 문화용 주요 내구재",101.18,103.26,103.51,101.94,99.61,100.00,100.802,102.555,102.113,97.403
"전국","기타 오락 및 문화용 주요 내구재",101.18,103.26,103.51,101.94,99.61,100.00,100.802,102.555,102.113,97.403
"전국","피아노",104.87,104.41,102.81,102.39,100.53,100.00,101.692,105.756,106.078,101.620
"전국","현악기",109.39,109.15,107.58,101.49,97.66,100.00,99.975,99.582,98.432,93.156
"전국","헬스기구",93.23,98.55,101.24,101.92,101.67,100.00,-,-,-,-
"전국","09.3 기타 오락용품 · 조경용품 및 애완동물",105.11,102.66,104.06,103.65,103.55,100.00,98.783,97.037,95.805,94.029
"전국","기타 오락용품 · 조경용품 및 애완동물",105.11,102.66,104.06,103.65,103.55,100.00,98.783,97.037,95.805,94.029
"전국","장난감",106.54,105.88,105.99,105.23,104.47,100.00,97.765,96.831,97.899,98.836
"전국","레저용품",105.74,100.88,100.89,104.09,103.56,100.00,98.045,95.667,90.478,86.275
"전국","운동용품",100.69,92.78,99.75,98.39,102.07,100.00,101.192,102.053,103.137,103.605
"전국","생화",128.02,125.92,124.60,110.58,109.88,100.00,99.605,93.033,92.008,85.718
"전국","원예용품",100.13,99.12,99.05,98.90,99.59,100.00,100.406,100.102,99.281,96.980
"전국","애완동물용품",102.40,100.13,100.78,103.02,102.37,100.00,98.797,95.190,92.715,89.427
"전국","애완동물관리비",102.15,102.63,104.61,103.04,102.00,100.00,99.415,98.240,96.561,94.108
"전국","09.4 오락 및 문화 서비스",107.11,106.21,104.57,102.76,101.75,100.00,99.027,97.367,96.368,95.072
"전국","오락 및 스포츠 서비스",107.23,106.28,104.37,102.68,101.40,100.00,99.253,97.829,96.534,95.641
"전국","수영장이용료",109.48,108.25,104.87,103.28,102.47,100.00,98.626,95.063,93.835,92.213
"전국","스키장이용료",113.54,112.38,107.07,107.58,103.47,100.00,97.122,95.996,94.523,93.231
"전국","볼링장이용료",111.26,111.16,108.99,105.81,102.45,100.00,97.075,92.887,89.331,86.491
"전국","헬스클럽이용료",104.43,103.41,101.62,101.49,100.70,100.00,100.062,99.159,97.632,95.038
"전국","골프연습장이용료",97.12,96.86,96.81,97.48,98.92,100.00,101.006,103.402,104.103,104.129
"전국","골프장이용료",110.82,108.15,105.76,103.81,101.96,100.00,99.104,96.555,95.536,94.937
"전국","당구장이용료",105.08,105.00,104.46,102.39,101.37,100.00,98.542,98.120,96.769,96.014
"전국","노래방이용료",105.74,104.91,103.66,102.53,101.03,100.00,98.640,95.992,93.390,92.128
"전국","PC방이용료",104.92,106.10,104.28,98.53,97.36,100.00,101.279,100.015,97.783,96.239
"전국","놀이시설이용료",112.83,112.62,109.15,104.65,102.69,100.00,98.992,94.844,91.861,91.482
"전국","레포츠이용료",107.02,106.49,105.74,105.38,102.78,100.00,99.241,105.196,109.433,107.341
"전국","운동경기관람료",112.70,109.92,108.59,106.03,103.61,100.00,96.289,93.487,90.803,90.169
"전국","문화 서비스",107.04,106.16,104.68,102.80,101.93,100.00,98.902,97.118,96.280,94.766
"전국","영화관람료",117.01,114.01,111.16,103.50,102.67,100.00,98.029,92.090,91.037,90.777
"전국","공연예술관람료",104.44,104.66,105.17,103.02,101.52,100.00,98.022,90.639,90.120,89.848
"전국","전시관입장료",113.98,113.04,111.26,106.31,101.64,100.00,97.545,94.465,92.237,90.483
"전국","독서실비",103.55,103.15,102.49,101.29,100.39,100.00,99.461,98.720,96.891,95.322
"전국","문화강습료",108.65,107.33,104.77,101.75,100.77,100.00,98.328,96.108,94.878,92.880
"전국","온라인콘텐츠이용료",105.89,105.87,104.56,104.56,103.75,100.00,100.000,100.167,98.207,98.207
"전국","방송수신료",99.48,99.44,99.36,99.34,99.88,100.00,99.995,99.947,100.370,99.574
"전국","사진서비스료",112.01,109.65,106.85,104.72,101.88,100.00,97.521,95.646,94.127,89.760
"전국","09.5 신문 · 서적 및 문방구",104.21,104.78,103.12,102.04,100.58,100.00,97.028,94.411,92.008,89.035
"전국","서적",103.16,104.18,103.13,102.59,100.66,100.00,96.368,93.564,90.481,87.348
"전국","유아용학습교재",104.87,103.15,103.12,103.12,100.52,100.00,95.917,95.707,93.802,90.837
"전국","초등학교학습서",114.96,113.24,110.20,105.47,101.56,100.00,91.945,89.290,88.137,85.411
"전국","중학교학습서",106.47,106.23,101.39,100.00,100.00,100.00,99.498,95.428,90.992,88.715
"전국","고등학교학습서",109.63,108.11,105.23,103.33,101.72,100.00,99.894,99.894,99.914,99.741
"전국","교과서",36.95,76.15,85.93,100.00,100.00,100.00,91.487,81.135,70.547,61.208
"전국","대학교재",105.67,104.33,102.69,102.36,102.36,100.00,96.628,96.628,96.628,96.628
"전국","서적",102.41,102.94,102.71,102.29,100.00,100.00,96.677,91.897,86.908,82.559
"전국","신문 및 정기 간행물",111.11,111.11,105.56,100.00,100.00,100.00,99.526,99.526,98.830,98.151
"전국","신문",111.11,111.11,105.56,100.00,100.00,100.00,100.000,100.000,100.000,100.000
"전국","문방구",105.32,104.38,102.11,101.01,100.51,100.00,98.445,95.376,94.814,91.073
"전국","공책",105.60,104.23,101.61,100.84,100.79,100.00,97.293,88.188,88.215,85.896
"전국","스케치북",100.27,98.75,97.42,98.51,99.76,100.00,99.678,98.244,97.335,96.103
"전국","복사용지",104.84,103.58,101.22,96.90,98.08,100.00,103.421,106.057,106.341,105.262
"전국","기타문구",110.46,108.97,107.03,103.45,101.34,100.00,97.250,91.402,89.155,79.541
"전국","필기구",101.32,103.69,102.80,102.35,101.14,100.00,97.598,95.635,95.152,91.984
"전국","회화용구",109.07,104.77,100.39,100.22,100.13,100.00,96.996,94.026,93.345,88.783
"전국","09.6 단체여행",95.02,99.97,101.64,100.92,102.50,100.00,106.213,106.403,103.418,100.051
"전국","단체여행",95.02,99.97,101.64,100.92,102.50,100.00,106.213,106.403,103.418,100.051
"전국","국내단체여행비",102.16,101.13,103.04,102.83,100.61,100.00,107.287,108.102,106.525,102.167
"전국","해외단체여행비",93.50,99.58,101.20,100.38,103.03,100.00,105.833,105.804,102.323,99.371
"전국","10 교육",102.52,104.76,104.21,102.80,101.64,100.00,98.312,96.888,95.762,94.424
"전국","10.1 유치원 및 초등교육",100.82,105.63,105.78,103.85,102.74,100.00,92.838,93.339,120.645,132.312
"전국","유치원 및 초등교육",100.82,105.63,105.78,103.85,102.74,100.00,92.838,93.339,120.645,132.312
"전국","유치원납입금",100.82,105.63,105.78,103.85,102.74,100.00,92.838,93.339,120.645,132.312
"전국","10.2 중등교육",33.96,86.90,100.47,100.39,100.10,100.00,99.813,99.757,99.715,103.092
"전국","중등교육",33.96,86.90,100.47,100.39,100.10,100.00,99.813,99.757,99.715,103.092
"전국","고등학교납입금",33.96,86.90,100.47,100.39,100.10,100.00,99.813,99.757,99.715,103.092
"전국","10.3 고등교육",98.49,99.43,99.70,99.99,100.02,100.00,100.067,100.355,101.480,104.461
"전국","고등교육",98.49,99.43,99.70,99.99,100.02,100.00,100.067,100.355,101.480,104.461
"전국","전문대학납입금",99.77,100.08,100.07,100.00,100.00,100.00,100.029,100.257,101.659,105.030
"전국","국공립대학교납입금",97.67,98.43,98.66,99.52,99.84,100.01,100.164,100.532,102.508,109.938
"전국","사립대학교납입금",97.71,99.07,99.52,99.93,99.99,100.00,100.114,100.489,101.549,104.032
"전국","국공립대학원납입금",101.73,101.23,100.66,100.36,100.25,100.01,100.013,100.058,100.103,100.258
"전국","사립대학원납입금",102.45,101.99,101.54,100.99,100.49,100.00,99.365,98.411,97.918,97.851
"전국","10.4 기타교육",109.53,107.87,105.85,103.78,102.18,100.00,97.977,95.836,92.454,88.607
"전국","학원 및 보습교육",109.61,107.97,105.89,103.84,102.25,100.00,97.973,95.856,92.420,88.520
"전국","초등학생학원비",107.47,105.90,104.83,103.13,102.08,100.00,98.417,95.709,92.495,88.406
"전국","중학생학원비",108.73,106.59,104.71,102.88,101.87,100.00,97.073,95.205,91.049,86.383
"전국","고등학생학원비",111.28,109.54,107.55,105.22,102.94,100.00,97.431,94.526,89.861,84.749
"전국","음악학원비",114.06,111.39,109.50,106.31,103.09,100.00,98.058,96.193,93.028,88.515
"전국","미술학원비",112.19,109.95,107.44,105.21,102.85,100.00,97.621,95.031,92.325,88.275
"전국","운동학원비",116.11,113.41,110.00,106.35,103.29,100.00,96.585,92.857,90.286,87.818
"전국","전산학원비",107.26,104.59,103.20,101.69,101.48,100.00,97.473,94.445,88.822,84.689
"전국","가정학습지",105.12,105.12,102.06,101.66,101.61,100.00,101.157,101.305,99.618,98.624
"전국","이러닝이용료",91.45,110.31,101.74,101.74,101.74,100.00,98.934,98.934,97.367,95.631
"전국","학교보충교육비",104.84,104.53,103.47,102.00,100.03,100.00,99.738,98.925,98.902,98.700
"전국","성인학원 및 기타교육",108.30,106.38,105.15,102.80,101.23,100.00,97.993,95.549,92.897,89.744
"전국","취업학원비",108.26,105.06,106.13,102.30,99.85,100.00,97.397,95.456,92.151,88.593
"전국","외국어학원비",110.09,107.96,105.94,103.49,101.84,100.00,98.328,95.653,92.789,89.715
"전국","운동강습료",107.44,106.46,104.08,102.75,101.73,100.00,98.486,95.603,93.809,91.382
"전국","11 음식 및 숙박",111.15,110.10,108.14,104.97,102.51,100.00,97.722,96.326,94.855,93.731
"전국","11.1 음식 서비스",111.09,110.23,108.22,105.02,102.54,100.00,97.715,96.328,94.875,93.833
"전국","음식 서비스",111.09,110.23,108.22,105.02,102.54,100.00,97.715,96.328,94.875,93.833
"전국","김치찌개백반",112.21,110.32,106.76,103.73,101.28,100.00,98.604,96.420,94.398,92.327
"전국","된장찌개백반",112.27,110.80,106.98,103.54,101.37,100.00,98.573,96.887,94.946,92.089
"전국","비빔밥",111.27,110.44,106.91,103.29,101.54,100.00,98.131,96.701,94.337,91.815
"전국","설렁탕",114.25,112.77,109.81,105.14,101.78,100.00,97.063,95.401,93.979,91.887
"전국","갈비탕",121.74,118.67,115.20,108.67,104.04,100.00,95.933,93.152,90.338,88.617
"전국","삼계탕",109.74,109.02,106.34,103.30,101.28,100.00,97.979,96.104,94.364,91.869
"전국","해물찜",107.57,107.00,105.72,103.50,101.76,100.00,98.376,97.427,96.043,92.941
"전국","해장국",111.82,109.82,107.34,103.40,101.69,100.00,98.544,97.908,96.504,93.899
"전국","불고기",112.97,111.10,108.40,105.79,103.72,100.00,98.053,96.563,95.482,94.770
"전국","쇠고기(외식)",115.23,112.25,109.77,106.45,104.08,100.00,98.662,97.186,96.540,95.256
"전국","돼지갈비(외식)",111.79,110.92,108.52,104.56,102.14,100.00,97.481,95.610,94.847,93.091
"전국","삼겹살(외식)",112.21,110.71,108.47,105.04,102.38,100.00,96.979,95.225,94.756,92.834
"전국","오리고기(외식)",106.30,105.70,104.23,101.70,100.43,100.00,98.790,97.557,96.921,95.284
"전국","냉면",113.68,111.91,108.16,103.89,101.53,100.00,97.377,95.121,92.641,89.305
"전국","칼국수",113.37,111.32,108.33,104.33,101.96,100.00,98.832,97.240,94.915,92.824
"전국","죽(외식)",115.16,114.08,106.64,102.18,102.18,100.00,98.454,98.454,98.454,96.136
"전국","생선초밥",109.12,108.14,105.71,103.64,102.25,100.00,98.987,97.918,96.047,95.051
"전국","생선회(외식)",110.06,110.11,111.03,106.80,104.28,100.00,99.520,99.139,97.613,96.416
"전국","자장면",116.68,115.04,110.83,106.10,102.81,100.00,97.308,96.090,94.445,93.339
"전국","짬뽕",119.22,117.42,112.89,107.30,103.18,100.00,97.128,94.924,92.151,90.712
"전국","탕수육",111.82,110.58,107.51,104.25,101.91,100.00,97.911,96.404,94.826,92.829
"전국","볶음밥",116.39,114.39,111.00,106.66,102.96,100.00,97.872,96.172,94.174,92.908
"전국","돈가스",110.67,109.90,106.70,103.97,102.14,100.00,99.332,98.513,97.488,95.878
"전국","스테이크",111.34,109.08,106.52,104.66,102.70,100.00,98.220,97.057,94.976,92.242
"전국","스파게티",107.54,106.24,104.70,102.43,100.77,100.00,99.373,98.042,96.441,94.191
"전국","라면(외식)",119.00,116.77,112.41,107.89,103.51,100.00,96.588,93.017,90.005,86.757
"전국","김밥",129.33,125.78,119.23,112.85,104.73,100.00,97.471,94.037,91.136,89.292
"전국","떡볶이",119.32,116.30,111.46,105.78,103.12,100.00,96.198,93.757,90.576,88.374
"전국","치킨",110.84,109.37,104.01,101.23,100.35,100.00,99.412,98.616,96.570,94.345
"전국","햄버거",106.93,108.25,105.71,101.35,100.23,100.00,97.100,95.488,100.195,99.626
"전국","피자",100.89,101.62,101.22,100.00,100.00,100.00,99.715,96.578,96.578,93.788
"전국","커피(외식)",104.52,104.37,101.77,101.14,100.39,100.00,97.592,96.451,93.799,91.520
"전국","국산차(외식)",100.76,100.32,100.18,100.16,99.93,100.00,99.299,98.499,97.797,96.530
"전국","소주(외식)",122.57,121.72,120.43,117.56,111.73,100.00,96.460,94.690,91.997,91.926
"전국","맥주(외식)",110.57,109.40,106.87,104.89,102.30,100.00,98.118,95.276,89.908,87.925
"전국","막걸리(외식)",106.69,105.15,103.47,102.64,101.56,100.00,99.316,98.463,97.841,97.495
"전국","학교급식비",27.11,59.44,101.06,105.41,103.23,100.00,93.476,99.489,108.845,133.356
"전국","구내식당식사비",115.21,112.34,109.06,105.37,102.53,100.00,95.125,93.346,90.808,87.230
"전국","도시락",109.01,109.01,106.55,100.00,100.00,100.00,-,-,-,-
"전국","11.2 숙박 서비스",111.92,106.68,105.74,103.42,101.49,100.00,98.078,96.200,93.838,89.201
"전국","숙박 서비스",111.92,106.68,105.74,103.42,101.49,100.00,98.078,96.200,93.838,89.201
"전국","호텔숙박료",98.36,104.77,107.13,105.13,100.45,100.00,98.480,97.603,93.719,83.783
"전국","여관숙박료",98.56,99.97,99.82,100.11,100.04,100.00,99.244,98.337,97.098,94.781
"전국","콘도이용료",118.20,120.90,119.62,103.61,101.21,100.00,96.629,97.102,96.605,90.105
"전국","학교기숙사비",108.50,106.38,104.56,102.90,101.42,100.00,97.840,94.944,92.849,91.124
"전국","휴양시설이용료",125.60,105.96,102.98,102.98,102.98,100.00,-,-,-,-
"전국","12 기타 상품 및 서비스",110.78,108.65,106.94,106.31,103.44,100.00,97.409,94.495,94.059,97.236
"전국","12.1 미용용품 및 미용 서비스",102.81,101.62,100.42,99.78,100.20,100.00,98.085,94.711,92.372,89.572
"전국","이미용 및 미용시설",110.35,108.79,106.38,103.02,101.25,100.00,97.807,94.239,91.047,87.241
"전국","목욕료",114.55,111.87,108.52,104.16,101.50,100.00,98.095,93.949,90.458,86.155
"전국","찜질방이용료",112.23,110.96,107.42,103.94,101.23,100.00,96.447,94.206,91.105,87.943
"전국","이용료",106.70,105.52,103.94,101.67,101.15,100.00,98.589,96.932,95.456,93.229
"전국","미용료",109.79,108.33,106.02,102.76,101.24,100.00,97.799,93.545,89.995,85.865
"전국","뷰티미용료",108.57,107.14,105.83,102.69,101.10,100.00,99.191,97.863,96.397,93.689
"전국","개인용 전기용품 및 미용용품",96.48,95.58,95.36,96.90,99.26,100.00,98.311,95.093,93.453,91.588
"전국","면도기",101.74,105.77,108.47,108.64,106.71,100.00,93.509,92.920,91.450,88.559
"전국","헤어드라이어",82.76,89.50,96.07,104.54,104.46,100.00,94.000,89.993,88.243,84.367
"전국","칫솔",102.39,99.39,100.30,101.25,98.58,100.00,87.489,90.372,91.536,88.679
"전국","치약",103.33,98.32,96.43,94.65,102.27,100.00,94.339,84.456,88.536,89.549
"전국","비누",89.75,91.60,91.77,95.35,97.30,100.00,101.384,103.994,102.342,92.343
"전국","샴푸",81.63,83.49,79.54,78.03,91.67,100.00,101.247,101.268,108.192,106.049
"전국","바디워시",64.02,66.87,68.92,81.26,104.18,100.00,102.072,97.959,101.832,98.060
"전국","화장지",97.08,94.78,92.79,94.68,99.74,100.00,100.926,102.734,102.583,99.496
"전국","기초화장품",100.70,100.52,99.61,100.41,99.80,100.00,98.464,94.778,93.690,91.553
"전국","기능성화장품",97.48,94.90,96.29,97.76,98.70,100.00,99.378,89.676,78.085,79.158
"전국","색조화장품",105.44,105.48,102.87,103.16,100.25,100.00,96.965,94.350,94.347,90.677
"전국","모발염색약",87.25,84.26,84.98,88.97,100.11,100.00,92.942,103.924,108.472,107.621
"전국","구강세정제",98.80,95.18,91.57,94.31,97.08,100.00,99.552,97.987,95.517,92.748
"전국","12.3 기타 개인용품",108.49,107.95,105.70,104.47,102.31,100.00,92.876,88.087,83.507,80.935
"전국","기타 개인용품",108.49,107.95,105.70,104.47,102.31,100.00,92.876,88.087,83.507,80.935
"전국","손목시계",103.90,100.55,100.55,100.61,100.75,100.00,98.816,97.255,97.373,99.788
"전국","장신구",117.33,110.77,104.85,102.06,99.45,100.00,100.432,100.000,97.275,96.561
"전국","가방",110.89,110.62,106.70,105.08,104.00,100.00,86.969,81.040,71.846,66.596
"전국","핸드백",106.26,106.78,106.06,103.56,102.01,100.00,96.913,86.869,88.113,85.785
"전국","우산",98.50,99.04,99.17,99.03,99.67,100.00,99.573,98.636,96.384,92.926
"전국","유모차",105.78,110.52,112.69,111.39,103.72,100.00,99.618,100.782,103.262,107.744
"전국","지갑",99.58,99.77,98.15,101.49,97.49,100.00,-,-,-,-
"전국","12.4~7 기타서비스",124.45,120.04,117.63,117.29,108.98,100.00,98.438,97.742,104.387,122.657
"전국","기타서비스",124.45,120.04,117.63,117.29,108.98,100.00,98.438,97.742,104.387,122.657
"전국","산후조리원이용료",108.04,106.56,104.67,102.55,101.37,100.00,98.746,99.309,99.233,96.823
"전국","보육시설이용료",96.30,99.03,103.10,104.38,104.35,100.00,94.280,92.772,126.076,174.807
"전국","요양시설이용료",125.35,122.35,115.48,105.73,101.68,100.00,96.939,93.715,91.217,88.992
"전국","보험서비스료",164.67,152.58,147.62,147.61,123.54,100.00,-,-,-,-
"전국","자동차보험료",110.94,106.02,101.74,102.51,102.43,100.00,100.000,100.000,100.685,102.664
"전국","금융수수료",99.91,99.93,99.92,99.93,100.00,100.00,100.000,100.000,100.000,128.161
"전국","부동산중개수수료",98.68,98.68,98.68,98.68,98.68,100.00,101.941,101.941,101.941,101.941
"전국","행정수수료",100.00,100.00,100.00,100.00,100.00,100.00,100.000,100.000,96.484,96.089
"전국","대입전형료",86.02,85.92,86.33,98.75,98.69,100.00,100.449,102.339,104.719,106.740
"전국","시험응시료",110.02,106.43,104.56,104.10,102.75,100.00,97.546,92.454,91.816,87.789
"전국","장례비",106.85,106.24,105.24,104.40,102.36,100.00,98.286,97.558,96.820,94.838
